Date,City,Gas Prices (dollars per gallon),,,
Jun-00,Boston,,,,
Jul-00,Boston,,,,
Aug-00,Boston,,,,
Sep-00,Boston,,,,
Oct-00,Boston,,,,
Nov-00,Boston,,,,
Dec-00,Boston,,,,
1-Jan,Boston,,,,
1-Feb,Boston,,,,
1-Mar,Boston,,,,
1-Apr,Boston,,,,
1-May,Boston,,,,
1-Jun,Boston,,,,
1-Jul,Boston,,,,
1-Aug,Boston,,,,
1-Sep,Boston,,,,
1-Oct,Boston,,,,
1-Nov,Boston,,,,
1-Dec,Boston,,,,
2-Jan,Boston,,,,
2-Feb,Boston,,,,
2-Mar,Boston,,,,
2-Apr,Boston,,,,
2-May,Boston,,,,
2-Jun,Boston,,,,
2-Jul,Boston,,,,
2-Aug,Boston,,,,
2-Sep,Boston,,,,
2-Oct,Boston,,,,
2-Nov,Boston,,,,
2-Dec,Boston,,,,
3-Jan,Boston,,,,
3-Feb,Boston,,,,
3-Mar,Boston,,,,
3-Apr,Boston,,,,
3-May,Boston,,,,
3-Jun,Boston,1.542,,,
3-Jul,Boston,1.559,,,
3-Aug,Boston,1.653,,,
3-Sep,Boston,1.814,,,
3-Oct,Boston,1.722,,,
3-Nov,Boston,1.612,,,
3-Dec,Boston,1.561,,,
4-Jan,Boston,1.624,,,
4-Feb,Boston,1.694,,,
4-Mar,Boston,1.752,,,
4-Apr,Boston,1.777,,,
4-May,Boston,2.018,,,
4-Jun,Boston,2.106,,,
4-Jul,Boston,1.991,,,
4-Aug,Boston,1.95,,,
4-Sep,Boston,1.922,,,
4-Oct,Boston,2.029,,,
4-Nov,Boston,2.034,,,
4-Dec,Boston,1.929,,,
5-Jan,Boston,1.874,,,
5-Feb,Boston,1.936,,,
5-Mar,Boston,2.042,,,
5-Apr,Boston,2.206,,,
5-May,Boston,2.205,,,
5-Jun,Boston,2.209,,,
5-Jul,Boston,2.395,,,
5-Aug,Boston,2.557,,,
5-Sep,Boston,3.08,,,
5-Oct,Boston,2.72,,,
5-Nov,Boston,2.225,,,
5-Dec,Boston,2.186,,,
6-Jan,Boston,2.379,,,
6-Feb,Boston,2.303,,,
6-Mar,Boston,2.36,,,
6-Apr,Boston,2.724,,,
6-May,Boston,2.989,,,
6-Jun,Boston,3.028,,,
6-Jul,Boston,3.061,,,
6-Aug,Boston,3.038,,,
6-Sep,Boston,2.649,,,
6-Oct,Boston,2.248,,,
6-Nov,Boston,2.218,,,
6-Dec,Boston,2.345,,,
7-Jan,Boston,2.306,,,
7-Feb,Boston,2.25,,,
7-Mar,Boston,2.547,,,
7-Apr,Boston,2.784,,,
7-May,Boston,3.038,,,
7-Jun,Boston,3.024,,,
7-Jul,Boston,2.945,,,
7-Aug,Boston,2.784,,,
7-Sep,Boston,2.696,,,
7-Oct,Boston,2.726,,,
7-Nov,Boston,3.022,,,
7-Dec,Boston,3.064,,,
8-Jan,Boston,3.078,,,
8-Feb,Boston,3.024,,,
8-Mar,Boston,3.144,,,
8-Apr,Boston,3.36,,,
8-May,Boston,3.768,,,
8-Jun,Boston,4.061,,,
8-Jul,Boston,4.077,,,
8-Aug,Boston,3.775,,,
8-Sep,Boston,3.591,,,
8-Oct,Boston,3.017,,, 
8-Nov,Boston,2.2,,,
8-Dec,Boston,1.738,,,
9-Jan,Boston,1.76,,,
9-Feb,Boston,1.907,,,
9-Mar,Boston,1.94,,,
9-Apr,Boston,2.032,,,
9-May,Boston,2.262,,,
9-Jun,Boston,2.621,,,
9-Jul,Boston,2.573,,,
9-Aug,Boston,2.645,,,
9-Sep,Boston,2.616,,,
9-Oct,Boston,2.548,,,
9-Nov,Boston,2.674,,,
9-Dec,Boston,2.645,,,
10-Jan,Boston,2.737,,,
10-Feb,Boston,2.702,,,
10-Mar,Boston,2.735,,,
10-Apr,Boston,2.819,,,
10-May,Boston,2.877,,,
10-Jun,Boston,2.752,,,
10-Jul,Boston,2.735,,,
10-Aug,Boston,2.721,,,
10-Sep,Boston,2.65,,,
10-Oct,Boston,2.81,,,
10-Nov,Boston,2.953,,,
10-Dec,Boston,3.081,,,
11-Jan,Boston,3.163,,,
11-Feb,Boston,3.233,,,
11-Mar,Boston,3.535,,,
11-Apr,Boston,3.766,,,
11-May,Boston,3.984,,,
11-Jun,Boston,3.806,,,
11-Jul,Boston,3.785,,,
11-Aug,Boston,3.774,,,
11-Sep,Boston,3.687,,,
11-Oct,Boston,3.517,,,
11-Nov,Boston,3.456,,,
11-Dec,Boston,3.343,,,
12-Jan,Boston,3.457,,,
12-Feb,Boston,3.645,,,
12-Mar,Boston,3.798,,,
12-Apr,Boston,3.921,,,
12-May,Boston,3.794,,,
12-Jun,Boston,3.581,,,
12-Jul,Boston,3.559,,,
12-Aug,Boston,3.778,,,
12-Sep,Boston,3.927,,,
12-Oct,Boston,3.9,,,
12-Nov,Boston,3.687,,,
12-Dec,Boston,3.521,,,
13-Jan,Boston,3.504,,,
13-Feb,Boston,3.751,,,
13-Mar,Boston,3.756,,,
13-Apr,Boston,3.604,,,
13-May,Boston,3.556,,,
13-Jun,Boston,3.591,,,
13-Jul,Boston,3.691,,,
13-Aug,Boston,3.753,,,
13-Sep,Boston,3.695,,,
13-Oct,Boston,3.507,,,
13-Nov,Boston,3.404,,,
13-Dec,Boston,3.508,,,
14-Jan,Boston,3.515,,,
14-Feb,Boston,3.475,,,
14-Mar,Boston,3.579,,,
14-Apr,Boston,3.659,,,
14-May,Boston,3.728,,,
14-Jun,Boston,3.737,,,
14-Jul,Boston,3.736,,,
14-Aug,Boston,3.596,,,
14-Sep,Boston,3.527,,,
14-Oct,Boston,3.339,,,
14-Nov,Boston,3.055,,,
14-Dec,Boston,2.778,,,
15-Jan,Boston,2.33,,,
15-Feb,Boston,2.25,,,
15-Mar,Boston,2.431,,,
15-Apr,Boston,2.458,,,
15-May,Boston,2.696,,,
15-Jun,Boston,2.797,,,
15-Jul,Boston,2.796,,,
15-Aug,Boston,2.603,,,
15-Sep,Boston,2.383,,,
15-Oct,Boston,2.26,,,
15-Nov,Boston,2.217,,,
15-Dec,Boston,2.163,,,
16-Jan,Boston,2.058,,,
16-Feb,Boston,1.918,,,
16-Mar,Boston,1.987,,,
16-Apr,Boston,2.172,,,
16-May,Boston,2.345,,,
16-Jun,Boston,2.411,,,
16-Jul,Boston,2.337,,,
16-Aug,Boston,2.226,,,
16-Sep,Boston,2.257,,,
16-Oct,Boston,2.308,,,
16-Nov,Boston,2.282,,,
16-Dec,Boston,2.327,,,
17-Jan,Boston,2.401,,,
17-Feb,Boston,2.351,,,
17-Mar,Boston,2.33,,,
17-Apr,Boston,2.41,,,
17-May,Boston,2.47,,,
17-Jun,Boston,2.421,,,
17-Jul,Boston,2.379,,,
17-Aug,Boston,2.445,,,
17-Sep,Boston,2.828,,,
17-Oct,Boston,2.715,,,
17-Nov,Boston,2.688,,,
17-Dec,Boston,2.649,,,
18-Jan,Boston,2.659,,,
18-Feb,Boston,2.705,,,
18-Mar,Boston,2.664,,,
18-Apr,Boston,2.781,,,
18-May,Boston,2.952,,,
18-Jun,Boston,2.969,,,
18-Jul,Boston,2.956,,,
18-Aug,Boston,2.942,,,
18-Sep,Boston,2.923,,,
18-Oct,Boston,2.899,,,
18-Nov,Boston,2.809,,,
18-Dec,Boston,2.674,,,
19-Jan,Boston,2.521,,,
19-Feb,Boston,2.464,,,
19-Mar,Boston,2.532,,,
19-Apr,Boston,2.741,,,
19-May,Boston,2.903,,,
19-Jun,Boston,2.812,,,
19-Jul,Boston,2.802,,,
19-Aug,Boston,2.78,,,
19-Sep,Boston,2.685,,,
19-Oct,Boston,2.657,,,
19-Nov,Boston,2.643,,,
19-Dec,Boston,2.635,,,
20-Jan,Boston,2.639,,,
20-Feb,Boston,2.581,,,
20-Mar,Boston,2.387,,,
20-Apr,Boston,2.046,,,
20-May,Boston,2.041,,,
20-Jun,Boston,2.136,,,
20-Jul,Boston,2.186,,,
20-Aug,Boston,2.193,,,
20-Sep,Boston,2.191,,,
20-Oct,Boston,2.175,,,
20-Nov,Boston,2.154,,,
20-Dec,Boston,2.244,,,
21-Jan,Boston,2.385,,,
21-Feb,Boston,2.536,,,
21-Mar,Boston,2.805,,,
21-Apr,Boston,2.832,,,
Jun-00,Chicago,2.075,,,
Jul-00,Chicago,1.611,,,
Aug-00,Chicago,1.404,,,
Sep-00,Chicago,1.56,,,
Oct-00,Chicago,1.551,,,
Nov-00,Chicago,1.567,,,
Dec-00,Chicago,1.483,,,
1-Jan,Chicago,1.562,,,
1-Feb,Chicago,1.522,,,
1-Mar,Chicago,1.427,,,
1-Apr,Chicago,1.735,,,
1-May,Chicago,2.022,,,
1-Jun,Chicago,1.783,,,
1-Jul,Chicago,1.416,,,
1-Aug,Chicago,1.64,,,
1-Sep,Chicago,1.849,,,
1-Oct,Chicago,1.466,,,
1-Nov,Chicago,1.261,,,
1-Dec,Chicago,1.204,,,
2-Jan,Chicago,1.153,,,
2-Feb,Chicago,1.152,,,
2-Mar,Chicago,1.372,,,
2-Apr,Chicago,1.543,,,
2-May,Chicago,1.577,,,
2-Jun,Chicago,1.566,,,
2-Jul,Chicago,1.526,,,
2-Aug,Chicago,1.524,,,
2-Sep,Chicago,1.532,,,
2-Oct,Chicago,1.6,,,
2-Nov,Chicago,1.53,,,
2-Dec,Chicago,1.448,,,
3-Jan,Chicago,1.54,,,
3-Feb,Chicago,1.696,,,
3-Mar,Chicago,1.754,,,
3-Apr,Chicago,1.608,,,
3-May,Chicago,1.584,,,
3-Jun,Chicago,1.623,,,
3-Jul,Chicago,1.606,,,
3-Aug,Chicago,1.725,,,
3-Sep,Chicago,1.799,,,
3-Oct,Chicago,1.689,,,
3-Nov,Chicago,1.643,,,
3-Dec,Chicago,1.576,,,
4-Jan,Chicago,1.676,,,
4-Feb,Chicago,1.751,,,
4-Mar,Chicago,1.802,,,
4-Apr,Chicago,1.908,,,
4-May,Chicago,2.123,,,
4-Jun,Chicago,2.044,,,
4-Jul,Chicago,1.982,,,
4-Aug,Chicago,1.97,,,
4-Sep,Chicago,1.951,,,
4-Oct,Chicago,2.075,,,
4-Nov,Chicago,2.047,,,
4-Dec,Chicago,1.872,,,
5-Jan,Chicago,1.899,,,
5-Feb,Chicago,1.963,,,
5-Mar,Chicago,2.185,,,
5-Apr,Chicago,2.327,,,
5-May,Chicago,2.22,,,
5-Jun,Chicago,2.228,,,
5-Jul,Chicago,2.413,,,
5-Aug,Chicago,2.652,,,
5-Sep,Chicago,2.947,,,
5-Oct,Chicago,2.768,,,
5-Nov,Chicago,2.337,,,
5-Dec,Chicago,2.304,,,
6-Jan,Chicago,2.39,,,
6-Feb,Chicago,2.316,,,
6-Mar,Chicago,2.537,,,
6-Apr,Chicago,2.845,,,
6-May,Chicago,2.978,,,
6-Jun,Chicago,3.039,,,
6-Jul,Chicago,3.229,,,
6-Aug,Chicago,3.209,,,
6-Sep,Chicago,2.792,,,
6-Oct,Chicago,2.343,,,
6-Nov,Chicago,2.329,,,
6-Dec,Chicago,2.375,,,
7-Jan,Chicago,2.273,,,
7-Feb,Chicago,2.378,,,
7-Mar,Chicago,2.569,,,
7-Apr,Chicago,2.948,,,
7-May,Chicago,3.5,,,
7-Jun,Chicago,3.442,,,
7-Jul,Chicago,3.26,,,
7-Aug,Chicago,3.082,,,
7-Sep,Chicago,3.187,,,
7-Oct,Chicago,2.938,,,
7-Nov,Chicago,3.183,,,
7-Dec,Chicago,3.107,,,
8-Jan,Chicago,3.175,,,
8-Feb,Chicago,3.155,,,
8-Mar,Chicago,3.364,,,
8-Apr,Chicago,3.665,,,
8-May,Chicago,4.021,,,
8-Jun,Chicago,4.23,,,
8-Jul,Chicago,4.271,,,
8-Aug,Chicago,4.061,,,
8-Sep,Chicago,4.065,,,
8-Oct,Chicago,3.374,,,
8-Nov,Chicago,2.331,,,
8-Dec,Chicago,1.754,,,
9-Jan,Chicago,1.987,,,
9-Feb,Chicago,1.978,,,
9-Mar,Chicago,2.065,,,
9-Apr,Chicago,2.182,,,
9-May,Chicago,2.536,,,
9-Jun,Chicago,2.887,,,
9-Jul,Chicago,2.699,,,
9-Aug,Chicago,2.738,,,
9-Sep,Chicago,2.634,,,
9-Oct,Chicago,2.675,,,
9-Nov,Chicago,2.796,,,
9-Dec,Chicago,2.738,,,
10-Jan,Chicago,2.87,,,
10-Feb,Chicago,2.768,,,
10-Mar,Chicago,2.939,,,
10-Apr,Chicago,3.102,,,
10-May,Chicago,3.084,,,
10-Jun,Chicago,2.943,,,
10-Jul,Chicago,2.923,,,
10-Aug,Chicago,2.906,,,
10-Sep,Chicago,2.983,,,
10-Oct,Chicago,2.996,,,
10-Nov,Chicago,3.049,,,
10-Dec,Chicago,3.161,,,
11-Jan,Chicago,3.292,,,
11-Feb,Chicago,3.412,,,
11-Mar,Chicago,3.745,,,
11-Apr,Chicago,4.16,,,
11-May,Chicago,4.328,,,
11-Jun,Chicago,4.1,,,
11-Jul,Chicago,3.995,,,
11-Aug,Chicago,3.937,,,
11-Sep,Chicago,3.903,,,
11-Oct,Chicago,3.567,,,
11-Nov,Chicago,3.56,,,
11-Dec,Chicago,3.414,,,
12-Jan,Chicago,3.602,,,
12-Feb,Chicago,3.644,,,
12-Mar,Chicago,4.267,,,
12-Apr,Chicago,4.293,,,
12-May,Chicago,4.097,,,
12-Jun,Chicago,3.873,,,
12-Jul,Chicago,3.749,,,
12-Aug,Chicago,4.2,,,
12-Sep,Chicago,4.248,,,
12-Oct,Chicago,3.884,,,
12-Nov,Chicago,3.614,,,
12-Dec,Chicago,3.462,,,
13-Jan,Chicago,3.45,,,
13-Feb,Chicago,3.963,,,
13-Mar,Chicago,3.958,,,
13-Apr,Chicago,3.995,,,
13-May,Chicago,4.207,,,
13-Jun,Chicago,4.278,,,
13-Jul,Chicago,4.002,,,
13-Aug,Chicago,3.841,,,
13-Sep,Chicago,3.769,,,
13-Oct,Chicago,3.542,,,
13-Nov,Chicago,3.41,,,
13-Dec,Chicago,3.417,,,
14-Jan,Chicago,3.524,,,
14-Feb,Chicago,3.61,,,
14-Mar,Chicago,3.911,,,
14-Apr,Chicago,4.082,,,
14-May,Chicago,3.974,,,
14-Jun,Chicago,4.09,,,
14-Jul,Chicago,3.804,,,
14-Aug,Chicago,3.702,,,
14-Sep,Chicago,3.735,,,
14-Oct,Chicago,3.437,,,
14-Nov,Chicago,3.164,,,
14-Dec,Chicago,2.716,,,
15-Jan,Chicago,2.217,,,
15-Feb,Chicago,2.462,,,
15-Mar,Chicago,2.699,,,
15-Apr,Chicago,2.79,,,
15-May,Chicago,2.998,,,
15-Jun,Chicago,3.208,,,
15-Jul,Chicago,3.072,,,
15-Aug,Chicago,3.09,,,
15-Sep,Chicago,2.8,,,
15-Oct,Chicago,2.711,,,
15-Nov,Chicago,2.33,,,
15-Dec,Chicago,2.2,,,
16-Jan,Chicago,2.068,,,
16-Feb,Chicago,1.808,,,
16-Mar,Chicago,2.195,,,
16-Apr,Chicago,2.357,,,
16-May,Chicago,2.566,,,
16-Jun,Chicago,2.764,,,
16-Jul,Chicago,2.455,,,
16-Aug,Chicago,2.441,,,
16-Sep,Chicago,2.45,,,
16-Oct,Chicago,2.429,,,
16-Nov,Chicago,2.325,,,
16-Dec,Chicago,2.526,,,
17-Jan,Chicago,2.566,,,
17-Feb,Chicago,2.464,,,
17-Mar,Chicago,2.513,,,
17-Apr,Chicago,2.682,,,
17-May,Chicago,2.626,,,
17-Jun,Chicago,2.528,,,
17-Jul,Chicago,2.528,,,
17-Aug,Chicago,2.558,,,
17-Sep,Chicago,2.7,,,
17-Oct,Chicago,2.699,,,
17-Nov,Chicago,2.888,,,
17-Dec,Chicago,2.7,,,
18-Jan,Chicago,2.806,,,
18-Feb,Chicago,2.702,,,
18-Mar,Chicago,2.79,,,
18-Apr,Chicago,2.981,,,
18-May,Chicago,3.21,,,
18-Jun,Chicago,3.188,,,
18-Jul,Chicago,3.094,,,
18-Aug,Chicago,3.046,,,
18-Sep,Chicago,3.046,,,
18-Oct,Chicago,3.014,,,
18-Nov,Chicago,2.713,,,
18-Dec,Chicago,2.379,,,
19-Jan,Chicago,2.266,,,
19-Feb,Chicago,2.46,,,
19-Mar,Chicago,2.731,,,
19-Apr,Chicago,3.119,,,
19-May,Chicago,3.281,,,
19-Jun,Chicago,3.094,,,
19-Jul,Chicago,3.228,,,
19-Aug,Chicago,2.95,,,
19-Sep,Chicago,2.876,,,
19-Oct,Chicago,2.876,,,
19-Nov,Chicago,2.753,,,
19-Dec,Chicago,2.725,,,
20-Jan,Chicago,2.764,,,
20-Feb,Chicago,2.682,,,
20-Mar,Chicago,2.454,,,
20-Apr,Chicago,2.029,,,
20-May,Chicago,2.281,,,
20-Jun,Chicago,2.464,,,
20-Jul,Chicago,2.497,,,
20-Aug,Chicago,2.463,,,
20-Sep,Chicago,2.45,,,
20-Oct,Chicago,2.385,,,
20-Nov,Chicago,2.325,,,
20-Dec,Chicago,2.403,,,
21-Jan,Chicago,2.574,,,
21-Feb,Chicago,2.754,,,
21-Mar,Chicago,3.119,,,
21-Apr,Chicago,3.181,,,
Jun-00,Cleveland,,,,
Jul-00,Cleveland,,,,
Aug-00,Cleveland,,,,
Sep-00,Cleveland,,,,
Oct-00,Cleveland,,,,
Nov-00,Cleveland,,,,
Dec-00,Cleveland,,,,
1-Jan,Cleveland,,,,
1-Feb,Cleveland,,,,
1-Mar,Cleveland,,,,
1-Apr,Cleveland,,,,
1-May,Cleveland,,,,
1-Jun,Cleveland,,,,
1-Jul,Cleveland,,,,
1-Aug,Cleveland,,,,
1-Sep,Cleveland,,,,
1-Oct,Cleveland,,,,
1-Nov,Cleveland,,,,
1-Dec,Cleveland,,,,
2-Jan,Cleveland,,,,
2-Feb,Cleveland,,,,
2-Mar,Cleveland,,,,
2-Apr,Cleveland,,,,
2-May,Cleveland,,,,
2-Jun,Cleveland,,,,
2-Jul,Cleveland,,,,
2-Aug,Cleveland,,,,
2-Sep,Cleveland,,,,
2-Oct,Cleveland,,,,
2-Nov,Cleveland,,,,
2-Dec,Cleveland,,,,
3-Jan,Cleveland,,,,
3-Feb,Cleveland,,,,
3-Mar,Cleveland,,,,
3-Apr,Cleveland,,,,
3-May,Cleveland,,,,
3-Jun,Cleveland,1.498,,,
3-Jul,Cleveland,1.516,,,
3-Aug,Cleveland,1.658,,,
3-Sep,Cleveland,1.699,,,
3-Oct,Cleveland,1.604,,,
3-Nov,Cleveland,1.54,,,
3-Dec,Cleveland,1.452,,,
4-Jan,Cleveland,1.611,,,
4-Feb,Cleveland,1.682,,,
4-Mar,Cleveland,1.734,,,
4-Apr,Cleveland,1.795,,,
4-May,Cleveland,1.988,,,
4-Jun,Cleveland,1.882,,,
4-Jul,Cleveland,1.895,,,
4-Aug,Cleveland,1.885,,,
4-Sep,Cleveland,1.897,,,
4-Oct,Cleveland,2.009,,,
4-Nov,Cleveland,1.934,,,
4-Dec,Cleveland,1.793,,,
5-Jan,Cleveland,1.888,,,
5-Feb,Cleveland,1.975,,,
5-Mar,Cleveland,2.168,,,
5-Apr,Cleveland,2.217,,,
5-May,Cleveland,2.095,,,
5-Jun,Cleveland,2.162,,,
5-Jul,Cleveland,2.271,,,
5-Aug,Cleveland,2.496,,,
5-Sep,Cleveland,2.889,,,
5-Oct,Cleveland,2.63,,,
5-Nov,Cleveland,2.149,,,
5-Dec,Cleveland,2.227,,,
6-Jan,Cleveland,2.349,,,
6-Feb,Cleveland,2.25,,,
6-Mar,Cleveland,2.481,,,
6-Apr,Cleveland,2.752,,,
6-May,Cleveland,2.847,,,
6-Jun,Cleveland,2.821,,,
6-Jul,Cleveland,2.988,,,
6-Aug,Cleveland,2.867,,,
6-Sep,Cleveland,2.343,,,
6-Oct,Cleveland,2.16,,,
6-Nov,Cleveland,2.273,,,
6-Dec,Cleveland,2.298,,,
7-Jan,Cleveland,2.188,,,
7-Feb,Cleveland,2.362,,,
7-Mar,Cleveland,2.53,,,
7-Apr,Cleveland,2.815,,,
7-May,Cleveland,3.249,,,
7-Jun,Cleveland,3.018,,,
7-Jul,Cleveland,2.909,,,
7-Aug,Cleveland,2.758,,,
7-Sep,Cleveland,2.94,,,
7-Oct,Cleveland,2.817,,,
7-Nov,Cleveland,3.142,,,
7-Dec,Cleveland,3.005,,,
8-Jan,Cleveland,3.079,,,
8-Feb,Cleveland,3.056,,,
8-Mar,Cleveland,3.261,,,
8-Apr,Cleveland,3.386,,,
8-May,Cleveland,3.841,,,
8-Jun,Cleveland,4.033,,,
8-Jul,Cleveland,3.984,,,
8-Aug,Cleveland,3.718,,,
8-Sep,Cleveland,3.753,,,
8-Oct,Cleveland,2.887,,,
8-Nov,Cleveland,1.953,,,
8-Dec,Cleveland,1.688,,,
9-Jan,Cleveland,1.924,,,
9-Feb,Cleveland,1.89,,,
9-Mar,Cleveland,1.985,,,
9-Apr,Cleveland,2.035,,,
9-May,Cleveland,2.34,,,
9-Jun,Cleveland,2.734,,,
9-Jul,Cleveland,2.509,,,
9-Aug,Cleveland,2.597,,,
9-Sep,Cleveland,2.506,,,
9-Oct,Cleveland,2.555,,,
9-Nov,Cleveland,2.638,,,
9-Dec,Cleveland,2.632,,,
10-Jan,Cleveland,2.745,,,
10-Feb,Cleveland,2.6,,,
10-Mar,Cleveland,2.755,,,
10-Apr,Cleveland,2.846,,,
10-May,Cleveland,2.786,,,
10-Jun,Cleveland,2.736,,,
10-Jul,Cleveland,2.764,,,
10-Aug,Cleveland,2.7,,,
10-Sep,Cleveland,2.781,,,
10-Oct,Cleveland,2.838,,,
10-Nov,Cleveland,2.923,,,
10-Dec,Cleveland,3.043,,,
11-Jan,Cleveland,3.166,,,
11-Feb,Cleveland,3.235,,,
11-Mar,Cleveland,3.584,,,
11-Apr,Cleveland,3.89,,,
11-May,Cleveland,3.988,,,
11-Jun,Cleveland,3.642,,,
11-Jul,Cleveland,3.658,,,
11-Aug,Cleveland,3.649,,,
11-Sep,Cleveland,3.575,,,
11-Oct,Cleveland,3.346,,,
11-Nov,Cleveland,3.319,,,
11-Dec,Cleveland,3.299,,,
12-Jan,Cleveland,3.448,,,
12-Feb,Cleveland,3.554,,,
12-Mar,Cleveland,3.895,,,
12-Apr,Cleveland,3.819,,,
12-May,Cleveland,3.73,,,
12-Jun,Cleveland,3.627,,,
12-Jul,Cleveland,3.467,,,
12-Aug,Cleveland,3.816,,,
12-Sep,Cleveland,3.842,,,
12-Oct,Cleveland,3.636,,,
12-Nov,Cleveland,3.502,,,
12-Dec,Cleveland,3.358,,,
13-Jan,Cleveland,3.337,,,
13-Feb,Cleveland,3.721,,,
13-Mar,Cleveland,3.748,,,
13-Apr,Cleveland,3.613,,,
13-May,Cleveland,3.777,,,
13-Jun,Cleveland,3.806,,,
13-Jul,Cleveland,3.531,,,
13-Aug,Cleveland,3.567,,,
13-Sep,Cleveland,3.541,,,
13-Oct,Cleveland,3.34,,,
13-Nov,Cleveland,3.251,,,
13-Dec,Cleveland,3.315,,,
14-Jan,Cleveland,3.397,,,
14-Feb,Cleveland,3.491,,,
14-Mar,Cleveland,3.665,,,
14-Apr,Cleveland,3.762,,,
14-May,Cleveland,3.787,,,
14-Jun,Cleveland,3.844,,,
14-Jul,Cleveland,3.519,,,
14-Aug,Cleveland,3.51,,,
14-Sep,Cleveland,3.439,,,
14-Oct,Cleveland,3.157,,,
14-Nov,Cleveland,2.946,,,
14-Dec,Cleveland,2.508,,,
15-Jan,Cleveland,2.043,,,
15-Feb,Cleveland,2.302,,,
15-Mar,Cleveland,2.42,,,
15-Apr,Cleveland,2.451,,,
15-May,Cleveland,2.638,,,
15-Jun,Cleveland,2.862,,,
15-Jul,Cleveland,2.679,,,
15-Aug,Cleveland,2.575,,,
15-Sep,Cleveland,2.334,,,
15-Oct,Cleveland,2.437,,,
15-Nov,Cleveland,2.181,,,
15-Dec,Cleveland,2.026,,,
16-Jan,Cleveland,1.887,,,
16-Feb,Cleveland,1.754,,,
16-Mar,Cleveland,2.021,,,
16-Apr,Cleveland,2.191,,,
16-May,Cleveland,2.425,,,
16-Jun,Cleveland,2.576,,,
16-Jul,Cleveland,2.232,,,
16-Aug,Cleveland,2.251,,,
16-Sep,Cleveland,2.215,,,
16-Oct,Cleveland,2.265,,,
16-Nov,Cleveland,2.183,,,
16-Dec,Cleveland,2.363,,,
17-Jan,Cleveland,2.365,,,
17-Feb,Cleveland,2.228,,,
17-Mar,Cleveland,2.284,,,
17-Apr,Cleveland,2.449,,,
17-May,Cleveland,2.368,,,
17-Jun,Cleveland,2.302,,,
17-Jul,Cleveland,2.296,,,
17-Aug,Cleveland,2.374,,,
17-Sep,Cleveland,2.589,,,
17-Oct,Cleveland,2.451,,,
17-Nov,Cleveland,2.705,,,
17-Dec,Cleveland,2.48,,,
18-Jan,Cleveland,2.54,,,
18-Feb,Cleveland,2.498,,,
18-Mar,Cleveland,2.515,,,
18-Apr,Cleveland,2.72,,,
18-May,Cleveland,2.868,,,
18-Jun,Cleveland,2.806,,,
18-Jul,Cleveland,2.816,,,
18-Aug,Cleveland,2.802,,,
18-Sep,Cleveland,2.82,,,
18-Oct,Cleveland,2.781,,,
18-Nov,Cleveland,2.493,,,
18-Dec,Cleveland,2.13,,,
19-Jan,Cleveland,2.058,,,
19-Feb,Cleveland,2.282,,,
19-Mar,Cleveland,2.494,,,
19-Apr,Cleveland,2.701,,,
19-May,Cleveland,2.739,,,
19-Jun,Cleveland,2.632,,,
19-Jul,Cleveland,2.778,,,
19-Aug,Cleveland,2.666,,,
19-Sep,Cleveland,2.662,,,
19-Oct,Cleveland,2.592,,,
19-Nov,Cleveland,2.544,,,
19-Dec,Cleveland,2.626,,,
20-Jan,Cleveland,2.576,,,
20-Feb,Cleveland,2.479,,,
20-Mar,Cleveland,2.05,,,
20-Apr,Cleveland,1.542,,,
20-May,Cleveland,1.897,,,
20-Jun,Cleveland,2.217,,,
20-Jul,Cleveland,2.229,,,
20-Aug,Cleveland,2.201,,,
20-Sep,Cleveland,2.168,,,
20-Oct,Cleveland,2.165,,,
20-Nov,Cleveland,2.04,,,
20-Dec,Cleveland,2.136,,,
21-Jan,Cleveland,2.313,,,
21-Feb,Cleveland,2.518,,,
21-Mar,Cleveland,2.78,,,
21-Apr,Cleveland,2.815,,,
Jun-00,Denver,1.612,,,
Jul-00,Denver,1.65,,,
Aug-00,Denver,1.545,,,
Sep-00,Denver,1.587,,,
Oct-00,Denver,1.573,,,
Nov-00,Denver,1.583,,,
Dec-00,Denver,1.543,,,
1-Jan,Denver,1.477,,,
1-Feb,Denver,1.507,,,
1-Mar,Denver,1.461,,,
1-Apr,Denver,1.603,,,
1-May,Denver,1.781,,,
1-Jun,Denver,1.775,,,
1-Jul,Denver,1.559,,,
1-Aug,Denver,1.472,,,
1-Sep,Denver,1.657,,,
1-Oct,Denver,1.478,,,
1-Nov,Denver,1.224,,,
1-Dec,Denver,1.092,,,
2-Jan,Denver,1.133,,,
2-Feb,Denver,1.135,,,
2-Mar,Denver,1.264,,,
2-Apr,Denver,1.406,,,
2-May,Denver,1.411,,,
2-Jun,Denver,1.384,,,
2-Jul,Denver,1.462,,,
2-Aug,Denver,1.494,,,
2-Sep,Denver,1.446,,,
2-Oct,Denver,1.528,,,
2-Nov,Denver,1.498,,,
2-Dec,Denver,1.427,,,
3-Jan,Denver,1.488,,,
3-Feb,Denver,1.603,,,
3-Mar,Denver,1.681,,,
3-Apr,Denver,1.577,,,
3-May,Denver,1.499,,,
3-Jun,Denver,1.504,,,
3-Jul,Denver,1.518,,,
3-Aug,Denver,1.636,,,
3-Sep,Denver,1.701,,,
3-Oct,Denver,1.553,,,
3-Nov,Denver,1.525,,,
3-Dec,Denver,1.461,,,
4-Jan,Denver,1.533,,,
4-Feb,Denver,1.584,,,
4-Mar,Denver,1.73,,,
4-Apr,Denver,1.848,,,
4-May,Denver,1.987,,,
4-Jun,Denver,1.984,,,
4-Jul,Denver,1.928,,,
4-Aug,Denver,1.891,,,
4-Sep,Denver,1.875,,,
4-Oct,Denver,1.974,,,
4-Nov,Denver,1.952,,,
4-Dec,Denver,1.851,,,
5-Jan,Denver,1.792,,,
5-Feb,Denver,1.886,,,
5-Mar,Denver,2.112,,,
5-Apr,Denver,2.264,,,
5-May,Denver,2.181,,,
5-Jun,Denver,2.124,,,
5-Jul,Denver,2.272,,,
5-Aug,Denver,2.474,,,
5-Sep,Denver,2.986,,,
5-Oct,Denver,2.785,,,
5-Nov,Denver,2.337,,,
5-Dec,Denver,2.162,,,
6-Jan,Denver,2.258,,,
6-Feb,Denver,2.236,,,
6-Mar,Denver,2.422,,,
6-Apr,Denver,2.7,,,
6-May,Denver,2.848,,,
6-Jun,Denver,2.831,,,
6-Jul,Denver,2.967,,,
6-Aug,Denver,3.036,,,
6-Sep,Denver,2.841,,,
6-Oct,Denver,2.374,,,
6-Nov,Denver,2.164,,,
6-Dec,Denver,2.188,,,
7-Jan,Denver,2.151,,,
7-Feb,Denver,2.22,,,
7-Mar,Denver,2.526,,,
7-Apr,Denver,2.8,,,
7-May,Denver,3.275,,,
7-Jun,Denver,3.244,,,
7-Jul,Denver,3.099,,,
7-Aug,Denver,2.897,,,
7-Sep,Denver,2.894,,,
7-Oct,Denver,2.816,,,
7-Nov,Denver,3.043,,,
7-Dec,Denver,2.897,,,
8-Jan,Denver,2.879,,,
8-Feb,Denver,2.96,,,
8-Mar,Denver,3.148,,,
8-Apr,Denver,3.392,,,
8-May,Denver,3.702,,,
8-Jun,Denver,3.971,,,
8-Jul,Denver,4.033,,,
8-Aug,Denver,3.874,,,
8-Sep,Denver,3.707,,,
8-Oct,Denver,3.109,,,
8-Nov,Denver,2.115,,,
8-Dec,Denver,1.63,,,
9-Jan,Denver,1.62,,,
9-Feb,Denver,1.863,,,
9-Mar,Denver,1.906,,,
9-Apr,Denver,2.051,,,
9-May,Denver,2.255,,,
9-Jun,Denver,2.54,,,
9-Jul,Denver,2.497,,,
9-Aug,Denver,2.541,,,
9-Sep,Denver,2.479,,,
9-Oct,Denver,2.453,,,
9-Nov,Denver,2.577,,,
9-Dec,Denver,2.497,,,
10-Jan,Denver,2.558,,,
10-Feb,Denver,2.555,,,
10-Mar,Denver,2.67,,,
10-Apr,Denver,2.751,,,
10-May,Denver,2.752,,,
10-Jun,Denver,2.685,,,
10-Jul,Denver,2.679,,,
10-Aug,Denver,2.715,,,
10-Sep,Denver,2.765,,,
10-Oct,Denver,2.749,,,
10-Nov,Denver,2.724,,,
10-Dec,Denver,2.768,,,
11-Jan,Denver,2.938,,,
11-Feb,Denver,3.089,,,
11-Mar,Denver,3.392,,,
11-Apr,Denver,3.582,,,
11-May,Denver,3.765,,,
11-Jun,Denver,3.674,,,
11-Jul,Denver,3.528,,,
11-Aug,Denver,3.493,,,
11-Sep,Denver,3.553,,,
11-Oct,Denver,3.503,,,
11-Nov,Denver,3.424,,,
11-Dec,Denver,3.199,,,
12-Jan,Denver,3.045,,,
12-Feb,Denver,3.122,,,
12-Mar,Denver,3.543,,,
12-Apr,Denver,3.906,,,
12-May,Denver,3.82,,,
12-Jun,Denver,3.73,,,
12-Jul,Denver,3.592,,,
12-Aug,Denver,3.527,,,
12-Sep,Denver,3.693,,,
12-Oct,Denver,3.704,,,
12-Nov,Denver,3.457,,,
12-Dec,Denver,3.201,,,
13-Jan,Denver,2.922,,,
13-Feb,Denver,3.448,,,
13-Mar,Denver,3.597,,,
13-Apr,Denver,3.598,,,
13-May,Denver,3.764,,,
13-Jun,Denver,3.766,,,
13-Jul,Denver,3.599,,,
13-Aug,Denver,3.566,,,
13-Sep,Denver,3.571,,,
13-Oct,Denver,3.394,,,
13-Nov,Denver,3.216,,,
13-Dec,Denver,3.109,,,
14-Jan,Denver,3.206,,,
14-Feb,Denver,3.331,,,
14-Mar,Denver,3.634,,,
14-Apr,Denver,3.583,,,
14-May,Denver,3.509,,,
14-Jun,Denver,3.563,,,
14-Jul,Denver,3.65,,,
14-Aug,Denver,3.682,,,
14-Sep,Denver,3.624,,,
14-Oct,Denver,3.304,,,
14-Nov,Denver,3.027,,,
14-Dec,Denver,2.571,,,
15-Jan,Denver,1.998,,,
15-Feb,Denver,2.084,,,
15-Mar,Denver,2.267,,,
15-Apr,Denver,2.352,,,
15-May,Denver,2.603,,,
15-Jun,Denver,2.693,,,
15-Jul,Denver,2.803,,,
15-Aug,Denver,2.891,,,
15-Sep,Denver,2.66,,,
15-Oct,Denver,2.381,,,
15-Nov,Denver,2.086,,,
15-Dec,Denver,1.959,,,
16-Jan,Denver,1.905,,,
16-Feb,Denver,1.711,,,
16-Mar,Denver,1.988,,,
16-Apr,Denver,2.093,,,
16-May,Denver,2.26,,,
16-Jun,Denver,2.334,,,
16-Jul,Denver,2.273,,,
16-Aug,Denver,2.191,,,
16-Sep,Denver,2.256,,,
16-Oct,Denver,2.25,,,
16-Nov,Denver,2.162,,,
16-Dec,Denver,2.166,,,
17-Jan,Denver,2.331,,,
17-Feb,Denver,2.261,,,
17-Mar,Denver,2.273,,,
17-Apr,Denver,2.373,,,
17-May,Denver,2.421,,,
17-Jun,Denver,2.412,,,
17-Jul,Denver,2.338,,,
17-Aug,Denver,2.413,,,
17-Sep,Denver,2.623,,,
17-Oct,Denver,2.547,,,
17-Nov,Denver,2.626,,,
17-Dec,Denver,2.541,,,
18-Jan,Denver,2.494,,,
18-Feb,Denver,2.531,,,
18-Mar,Denver,2.487,,,
18-Apr,Denver,2.667,,,
18-May,Denver,2.858,,,
18-Jun,Denver,2.922,,,
18-Jul,Denver,2.854,,,
18-Aug,Denver,2.854,,,
18-Sep,Denver,2.973,,,
18-Oct,Denver,3.004,,,
18-Nov,Denver,2.79,,,
18-Dec,Denver,2.432,,,
19-Jan,Denver,2.184,,,
19-Feb,Denver,2.139,,,
19-Mar,Denver,2.401,,,
19-Apr,Denver,2.714,,,
19-May,Denver,2.901,,,
19-Jun,Denver,2.853,,,
19-Jul,Denver,2.691,,,
19-Aug,Denver,2.57,,,
19-Sep,Denver,2.671,,,
19-Oct,Denver,2.799,,,
19-Nov,Denver,2.875,,,
19-Dec,Denver,2.822,,,
20-Jan,Denver,2.681,,,
20-Feb,Denver,2.546,,,
20-Mar,Denver,2.239,,,
20-Apr,Denver,1.854,,,
20-May,Denver,1.864,,,
20-Jun,Denver,2.442,,,
20-Jul,Denver,2.596,,,
20-Aug,Denver,2.493,,,
20-Sep,Denver,2.392,,,
20-Oct,Denver,2.303,,,
20-Nov,Denver,2.226,,,
20-Dec,Denver,2.274,,,
21-Jan,Denver,2.392,,,
21-Feb,Denver,2.518,,,
21-Mar,Denver,2.925,,,
21-Apr,Denver,3.054,,,
Jun-00,Houston,1.57,,,
Jul-00,Houston,1.58,,,
Aug-00,Houston,1.508,,,
Sep-00,Houston,1.492,,,
Oct-00,Houston,1.465,,,
Nov-00,Houston,1.442,,,
Dec-00,Houston,1.397,,,
1-Jan,Houston,1.416,,,
1-Feb,Houston,1.42,,,
1-Mar,Houston,1.381,,,
1-Apr,Houston,1.559,,,
1-May,Houston,1.652,,,
1-Jun,Houston,1.565,,,
1-Jul,Houston,1.385,,,
1-Aug,Houston,1.329,,,
1-Sep,Houston,1.401,,,
1-Oct,Houston,1.281,,,
1-Nov,Houston,1.102,,,
1-Dec,Houston,1.025,,,
2-Jan,Houston,1.058,,,
2-Feb,Houston,1.077,,,
2-Mar,Houston,1.221,,,
2-Apr,Houston,1.401,,,
2-May,Houston,1.388,,,
2-Jun,Houston,1.353,,,
2-Jul,Houston,1.35,,,
2-Aug,Houston,1.354,,,
2-Sep,Houston,1.365,,,
2-Oct,Houston,1.418,,,
2-Nov,Houston,1.406,,,
2-Dec,Houston,1.372,,,
3-Jan,Houston,1.438,,,
3-Feb,Houston,1.586,,,
3-Mar,Houston,1.62,,,
3-Apr,Houston,1.51,,,
3-May,Houston,1.41,,,
3-Jun,Houston,1.408,,,
3-Jul,Houston,1.443,,,
3-Aug,Houston,1.527,,,
3-Sep,Houston,1.556,,,
3-Oct,Houston,1.432,,,
3-Nov,Houston,1.405,,,
3-Dec,Houston,1.399,,,
4-Jan,Houston,1.507,,,
4-Feb,Houston,1.575,,,
4-Mar,Houston,1.622,,,
4-Apr,Houston,1.691,,,
4-May,Houston,1.859,,,
4-Jun,Houston,1.872,,,
4-Jul,Houston,1.799,,,
4-Aug,Houston,1.793,,,
4-Sep,Houston,1.779,,,
4-Oct,Houston,1.898,,,
4-Nov,Houston,1.89,,,
4-Dec,Houston,1.763,,,
5-Jan,Houston,1.752,,,
5-Feb,Houston,1.811,,,
5-Mar,Houston,1.985,,,
5-Apr,Houston,2.147,,,
5-May,Houston,2.069,,,
5-Jun,Houston,2.067,,,
5-Jul,Houston,2.214,,,
5-Aug,Houston,2.439,,,
5-Sep,Houston,2.863,,,
5-Oct,Houston,2.783,,,
5-Nov,Houston,2.255,,,
5-Dec,Houston,2.136,,,
6-Jan,Houston,2.29,,,
6-Feb,Houston,2.221,,,
6-Mar,Houston,2.374,,,
6-Apr,Houston,2.782,,,
6-May,Houston,2.924,,,
6-Jun,Houston,2.907,,,
6-Jul,Houston,2.941,,,
6-Aug,Houston,2.872,,,
6-Sep,Houston,2.417,,,
6-Oct,Houston,2.092,,,
6-Nov,Houston,2.08,,,
6-Dec,Houston,2.198,,,
7-Jan,Houston,2.13,,,
7-Feb,Houston,2.13,,,
7-Mar,Houston,2.426,,,
7-Apr,Houston,2.752,,,
7-May,Houston,2.974,,,
7-Jun,Houston,2.94,,,
7-Jul,Houston,2.835,,,
7-Aug,Houston,2.67,,,
7-Sep,Houston,2.625,,,
7-Oct,Houston,2.639,,,
7-Nov,Houston,2.909,,,
7-Dec,Houston,2.878,,,
8-Jan,Houston,2.945,,,
8-Feb,Houston,2.939,,,
8-Mar,Houston,3.184,,,
8-Apr,Houston,3.401,,,
8-May,Houston,3.677,,,
8-Jun,Houston,3.928,,,
8-Jul,Houston,3.951,,,
8-Aug,Houston,3.642,,,
8-Sep,Houston,3.598,,,
8-Oct,Houston,2.949,,,
8-Nov,Houston,1.973,,,
8-Dec,Houston,1.583,,,
9-Jan,Houston,1.663,,,
9-Feb,Houston,1.817,,,
9-Mar,Houston,1.87,,,
9-Apr,Houston,1.997,,,
9-May,Houston,2.186,,,
9-Jun,Houston,2.484,,,
9-Jul,Houston,2.385,,,
9-Aug,Houston,2.509,,,
9-Sep,Houston,2.355,,,
9-Oct,Houston,2.39,,,
9-Nov,Houston,2.528,,,
9-Dec,Houston,2.472,,,
10-Jan,Houston,2.597,,,
10-Feb,Houston,2.519,,,
10-Mar,Houston,2.663,,,
10-Apr,Houston,2.75,,,
10-May,Houston,2.748,,,
10-Jun,Houston,2.599,,,
10-Jul,Houston,2.575,,,
10-Aug,Houston,2.583,,,
10-Sep,Houston,2.552,,,
10-Oct,Houston,2.67,,,
10-Nov,Houston,2.704,,,
10-Dec,Houston,2.869,,,
11-Jan,Houston,2.974,,,
11-Feb,Houston,3.09,,,
11-Mar,Houston,3.488,,,
11-Apr,Houston,3.763,,,
11-May,Houston,3.848,,,
11-Jun,Houston,3.576,,,
11-Jul,Houston,3.572,,,
11-Aug,Houston,3.555,,,
11-Sep,Houston,3.435,,,
11-Oct,Houston,3.279,,,
11-Nov,Houston,3.215,,,
11-Dec,Houston,3.128,,,
12-Jan,Houston,3.278,,,
12-Feb,Houston,3.534,,,
12-Mar,Houston,3.791,,,
12-Apr,Houston,3.899,,,
12-May,Houston,3.67,,,
12-Jun,Houston,3.388,,,
12-Jul,Houston,3.315,,,
12-Aug,Houston,3.561,,,
12-Sep,Houston,3.69,,,
12-Oct,Houston,3.528,,,
12-Nov,Houston,3.245,,,
12-Dec,Houston,3.151,,,
13-Jan,Houston,3.248,,,
13-Feb,Houston,3.55,,,
13-Mar,Houston,3.611,,,
13-Apr,Houston,3.5,,,
13-May,Houston,3.442,,,
13-Jun,Houston,3.421,,,
13-Jul,Houston,3.486,,,
13-Aug,Houston,3.495,,,
13-Sep,Houston,3.361,,,
13-Oct,Houston,3.152,,,
13-Nov,Houston,3.095,,,
13-Dec,Houston,3.184,,,
14-Jan,Houston,3.188,,,
14-Feb,Houston,3.189,,,
14-Mar,Houston,3.366,,,
14-Apr,Houston,3.527,,,
14-May,Houston,3.526,,,
14-Jun,Houston,3.524,,,
14-Jul,Houston,3.485,,,
14-Aug,Houston,3.375,,,
14-Sep,Houston,3.27,,,
14-Oct,Houston,3.079,,,
14-Nov,Houston,2.835,,,
14-Dec,Houston,2.472,,,
15-Jan,Houston,2.009,,,
15-Feb,Houston,2.071,,,
15-Mar,Houston,2.284,,,
15-Apr,Houston,2.323,,,
15-May,Houston,2.486,,,
15-Jun,Houston,2.584,,,
15-Jul,Houston,2.589,,,
15-Aug,Houston,2.446,,,
15-Sep,Houston,2.194,,,
15-Oct,Houston,2.069,,,
15-Nov,Houston,1.988,,,
15-Dec,Houston,1.87,,,
16-Jan,Houston,1.792,,,
16-Feb,Houston,1.634,,,
16-Mar,Houston,1.854,,,
16-Apr,Houston,1.975,,,
16-May,Houston,2.102,,,
16-Jun,Houston,2.207,,,
16-Jul,Houston,2.131,,,
16-Aug,Houston,2.056,,,
16-Sep,Houston,2.074,,,
16-Oct,Houston,2.11,,,
16-Nov,Houston,2.04,,,
16-Dec,Houston,2.087,,,
17-Jan,Houston,2.213,,,
17-Feb,Houston,2.157,,,
17-Mar,Houston,2.159,,,
17-Apr,Houston,2.317,,,
17-May,Houston,2.273,,,
17-Jun,Houston,2.197,,,
17-Jul,Houston,2.112,,,
17-Aug,Houston,2.222,,,
17-Sep,Houston,2.545,,,
17-Oct,Houston,2.366,,,
17-Nov,Houston,2.319,,,
17-Dec,Houston,2.264,,,
18-Jan,Houston,2.353,,,
18-Feb,Houston,2.368,,,
18-Mar,Houston,2.404,,,
18-Apr,Houston,2.589,,,
18-May,Houston,2.746,,,
18-Jun,Houston,2.789,,,
18-Jul,Houston,2.722,,,
18-Aug,Houston,2.659,,,
18-Sep,Houston,2.596,,,
18-Oct,Houston,2.629,,,
18-Nov,Houston,2.42,,,
18-Dec,Houston,2.137,,,
19-Jan,Houston,2.029,,,
19-Feb,Houston,2.104,,,
19-Mar,Houston,2.356,,,
19-Apr,Houston,2.631,,,
19-May,Houston,2.666,,,
19-Jun,Houston,2.509,,,
19-Jul,Houston,2.527,,,
19-Aug,Houston,2.466,,,
19-Sep,Houston,2.389,,,
19-Oct,Houston,2.317,,,
19-Nov,Houston,2.275,,,
19-Dec,Houston,2.269,,,
20-Jan,Houston,2.293,,,
20-Feb,Houston,2.193,,,
20-Mar,Houston,2.055,,,
20-Apr,Houston,1.708,,,
20-May,Houston,1.634,,,
20-Jun,Houston,1.813,,,
20-Jul,Houston,1.94,,,
20-Aug,Houston,1.908,,,
20-Sep,Houston,1.91,,,
20-Oct,Houston,1.853,,,
20-Nov,Houston,1.805,,,
20-Dec,Houston,1.897,,,
21-Jan,Houston,2.078,,,
21-Feb,Houston,2.237,,,
21-Mar,Houston,2.577,,,
21-Apr,Houston,2.619,,,
Jun-00,Los Angeles,1.592,,,
Jul-00,Los Angeles,1.645,,,
Aug-00,Los Angeles,1.59,,,
Sep-00,Los Angeles,1.727,,,
Oct-00,Los Angeles,1.746,,,
Nov-00,Los Angeles,1.692,,,
Dec-00,Los Angeles,1.627,,,
1-Jan,Los Angeles,1.554,,,
1-Feb,Los Angeles,1.607,,,
1-Mar,Los Angeles,1.655,,,
1-Apr,Los Angeles,1.75,,,
1-May,Los Angeles,2.007,,,
1-Jun,Los Angeles,1.981,,,
1-Jul,Los Angeles,1.818,,,
1-Aug,Los Angeles,1.571,,,
1-Sep,Los Angeles,1.621,,,
1-Oct,Los Angeles,1.47,,,
1-Nov,Los Angeles,1.252,,,
1-Dec,Los Angeles,1.065,,,
2-Jan,Los Angeles,1.167,,,
2-Feb,Los Angeles,1.303,,,
2-Mar,Los Angeles,1.49,,,
2-Apr,Los Angeles,1.622,,,
2-May,Los Angeles,1.584,,,
2-Jun,Los Angeles,1.601,,,
2-Jul,Los Angeles,1.61,,,
2-Aug,Los Angeles,1.604,,,
2-Sep,Los Angeles,1.604,,,
2-Oct,Los Angeles,1.536,,,
2-Nov,Los Angeles,1.575,,,
2-Dec,Los Angeles,1.52,,,
3-Jan,Los Angeles,1.61,,,
3-Feb,Los Angeles,1.812,,,
3-Mar,Los Angeles,2.135,,,
3-Apr,Los Angeles,2.083,,,
3-May,Los Angeles,1.882,,,
3-Jun,Los Angeles,1.793,,,
3-Jul,Los Angeles,1.749,,,
3-Aug,Los Angeles,1.912,,,
3-Sep,Los Angeles,2.095,,,
3-Oct,Los Angeles,1.847,,,
3-Nov,Los Angeles,1.742,,,
3-Dec,Los Angeles,1.697,,,
4-Jan,Los Angeles,1.747,,,
4-Feb,Los Angeles,1.966,,,
4-Mar,Los Angeles,2.2,,,
4-Apr,Los Angeles,2.234,,,
4-May,Los Angeles,2.331,,,
4-Jun,Los Angeles,2.35,,,
4-Jul,Los Angeles,2.249,,,
4-Aug,Los Angeles,2.135,,,
4-Sep,Los Angeles,2.119,,,
4-Oct,Los Angeles,2.404,,,
4-Nov,Los Angeles,2.371,,,
4-Dec,Los Angeles,2.17,,,
5-Jan,Los Angeles,2.054,,,
5-Feb,Los Angeles,2.21,,,
5-Mar,Los Angeles,2.386,,,
5-Apr,Los Angeles,2.609,,,
5-May,Los Angeles,2.529,,,
5-Jun,Los Angeles,2.423,,,
5-Jul,Los Angeles,2.565,,,
5-Aug,Los Angeles,2.738,,,
5-Sep,Los Angeles,3.004,,,
5-Oct,Los Angeles,2.93,,,
5-Nov,Los Angeles,2.61,,,
5-Dec,Los Angeles,2.348,,,
6-Jan,Los Angeles,2.436,,,
6-Feb,Los Angeles,2.568,,,
6-Mar,Los Angeles,2.664,,,
6-Apr,Los Angeles,2.95,,,
6-May,Los Angeles,3.412,,,
6-Jun,Los Angeles,3.299,,,
6-Jul,Los Angeles,3.305,,,
6-Aug,Los Angeles,3.251,,,
6-Sep,Los Angeles,2.957,,,
6-Oct,Los Angeles,2.59,,,
6-Nov,Los Angeles,2.507,,,
6-Dec,Los Angeles,2.579,,,
7-Jan,Los Angeles,2.59,,,
7-Feb,Los Angeles,2.678,,,
7-Mar,Los Angeles,3.09,,,
7-Apr,Los Angeles,3.326,,,
7-May,Los Angeles,3.476,,,
7-Jun,Los Angeles,3.302,,,
7-Jul,Los Angeles,3.134,,,
7-Aug,Los Angeles,2.904,,,
7-Sep,Los Angeles,2.906,,,
7-Oct,Los Angeles,3.097,,,
7-Nov,Los Angeles,3.361,,,
7-Dec,Los Angeles,3.314,,,
8-Jan,Los Angeles,3.277,,,
8-Feb,Los Angeles,3.195,,,
8-Mar,Los Angeles,3.599,,,
8-Apr,Los Angeles,3.843,,,
8-May,Los Angeles,3.991,,,
8-Jun,Los Angeles,4.537,,,
8-Jul,Los Angeles,4.533,,,
8-Aug,Los Angeles,4.129,,,
8-Sep,Los Angeles,3.812,,,
8-Oct,Los Angeles,3.44,,,
8-Nov,Los Angeles,2.575,,,
8-Dec,Los Angeles,1.867,,,
9-Jan,Los Angeles,2.026,,,
9-Feb,Los Angeles,2.247,,,
9-Mar,Los Angeles,2.236,,,
9-Apr,Los Angeles,2.382,,,
9-May,Los Angeles,2.532,,,
9-Jun,Los Angeles,2.977,,,
9-Jul,Los Angeles,2.939,,,
9-Aug,Los Angeles,3.065,,,
9-Sep,Los Angeles,3.176,,,
9-Oct,Los Angeles,3.082,,,
9-Nov,Los Angeles,3.055,,,
9-Dec,Los Angeles,3.008,,,
10-Jan,Los Angeles,3.112,,,
10-Feb,Los Angeles,3.045,,,
10-Mar,Los Angeles,3.136,,,
10-Apr,Los Angeles,3.167,,,
10-May,Los Angeles,3.16,,,
10-Jun,Los Angeles,3.161,,,
10-Jul,Los Angeles,3.185,,,
10-Aug,Los Angeles,3.187,,,
10-Sep,Los Angeles,3.057,,,
10-Oct,Los Angeles,3.154,,,
10-Nov,Los Angeles,3.211,,,
10-Dec,Los Angeles,3.313,,,
11-Jan,Los Angeles,3.411,,,
11-Feb,Los Angeles,3.592,,,
11-Mar,Los Angeles,4.029,,,
11-Apr,Los Angeles,4.236,,,
11-May,Los Angeles,4.267,,,
11-Jun,Los Angeles,4,,,
11-Jul,Los Angeles,3.894,,,
11-Aug,Los Angeles,3.853,,,
11-Sep,Los Angeles,4.003,,,
11-Oct,Los Angeles,3.929,,,
11-Nov,Los Angeles,3.896,,,
11-Dec,Los Angeles,3.695,,,
12-Jan,Los Angeles,3.825,,,
12-Feb,Los Angeles,4.107,,,
12-Mar,Los Angeles,4.48,,,
12-Apr,Los Angeles,4.352,,,
12-May,Los Angeles,4.407,,,
12-Jun,Los Angeles,4.145,,,
12-Jul,Los Angeles,3.864,,,
12-Aug,Los Angeles,4.162,,,
12-Sep,Los Angeles,4.229,,,
12-Oct,Los Angeles,4.511,,,
12-Nov,Los Angeles,3.925,,,
12-Dec,Los Angeles,3.694,,,
13-Jan,Los Angeles,3.766,,,
13-Feb,Los Angeles,4.27,,,
13-Mar,Los Angeles,4.303,,,
13-Apr,Los Angeles,4.078,,,
13-May,Los Angeles,4.089,,,
13-Jun,Los Angeles,4.098,,,
13-Jul,Los Angeles,4.134,,,
13-Aug,Los Angeles,3.962,,,
13-Sep,Los Angeles,4.03,,,
13-Oct,Los Angeles,3.839,,,
13-Nov,Los Angeles,3.662,,,
13-Dec,Los Angeles,3.706,,,
14-Jan,Los Angeles,3.709,,,
14-Feb,Los Angeles,3.804,,,
14-Mar,Los Angeles,4.067,,,
14-Apr,Los Angeles,4.305,,,
14-May,Los Angeles,4.271,,,
14-Jun,Los Angeles,4.211,,,
14-Jul,Los Angeles,4.136,,,
14-Aug,Los Angeles,3.947,,,
14-Sep,Los Angeles,3.803,,,
14-Oct,Los Angeles,3.609,,,
14-Nov,Los Angeles,3.258,,,
14-Dec,Los Angeles,2.948,,,
15-Jan,Los Angeles,2.627,,,
15-Feb,Los Angeles,2.821,,,
15-Mar,Los Angeles,3.457,,,
15-Apr,Los Angeles,3.33,,,
15-May,Los Angeles,3.945,,,
15-Jun,Los Angeles,3.714,,,
15-Jul,Los Angeles,4.109,,,
15-Aug,Los Angeles,3.813,,,
15-Sep,Los Angeles,3.317,,,
15-Oct,Los Angeles,3.04,,,
15-Nov,Los Angeles,2.898,,,
15-Dec,Los Angeles,2.914,,,
16-Jan,Los Angeles,3.021,,,
16-Feb,Los Angeles,2.609,,,
16-Mar,Los Angeles,2.801,,,
16-Apr,Los Angeles,2.878,,,
16-May,Los Angeles,2.895,,,
16-Jun,Los Angeles,2.988,,,
16-Jul,Los Angeles,2.955,,,
16-Aug,Los Angeles,2.742,,,
16-Sep,Los Angeles,2.835,,,
16-Oct,Los Angeles,2.922,,,
16-Nov,Los Angeles,2.857,,,
16-Dec,Los Angeles,2.796,,,
17-Jan,Los Angeles,2.917,,,
17-Feb,Los Angeles,3.045,,,
17-Mar,Los Angeles,3.097,,,
17-Apr,Los Angeles,3.099,,,
17-May,Los Angeles,3.116,,,
17-Jun,Los Angeles,3.049,,,
17-Jul,Los Angeles,2.993,,,
17-Aug,Los Angeles,3.098,,,
17-Sep,Los Angeles,3.228,,,
17-Oct,Los Angeles,3.128,,,
17-Nov,Los Angeles,3.35,,,
17-Dec,Los Angeles,3.2,,,
18-Jan,Los Angeles,3.371,,,
18-Feb,Los Angeles,3.523,,,
18-Mar,Los Angeles,3.567,,,
18-Apr,Los Angeles,3.655,,,
18-May,Los Angeles,3.703,,,
18-Jun,Los Angeles,3.671,,,
18-Jul,Los Angeles,3.592,,,
18-Aug,Los Angeles,3.551,,,
18-Sep,Los Angeles,3.584,,,
18-Oct,Los Angeles,3.775,,,
18-Nov,Los Angeles,3.622,,,
18-Dec,Los Angeles,3.346,,,
19-Jan,Los Angeles,3.206,,,
19-Feb,Los Angeles,3.242,,,
19-Mar,Los Angeles,3.335,,,
19-Apr,Los Angeles,3.903,,,
19-May,Los Angeles,3.978,,,
19-Jun,Los Angeles,3.753,,,
19-Jul,Los Angeles,3.65,,,
19-Aug,Los Angeles,3.528,,,
19-Sep,Los Angeles,3.691,,,
19-Oct,Los Angeles,4.098,,,
19-Nov,Los Angeles,3.93,,,
19-Dec,Los Angeles,3.607,,,
20-Jan,Los Angeles,3.499,,,
20-Feb,Los Angeles,3.474,,,
20-Mar,Los Angeles,3.284,,,
20-Apr,Los Angeles,2.84,,,
20-May,Los Angeles,2.769,,,
20-Jun,Los Angeles,2.96,,,
20-Jul,Los Angeles,3.083,,,
20-Aug,Los Angeles,3.126,,,
20-Sep,Los Angeles,3.137,,,
20-Oct,Los Angeles,3.102,,,
20-Nov,Los Angeles,3.059,,,
20-Dec,Los Angeles,3.096,,,
21-Jan,Los Angeles,3.231,,,
21-Feb,Los Angeles,3.453,,,
21-Mar,Los Angeles,3.788,,,
21-Apr,Los Angeles,3.901,,,
Jun-00,Miami,,,,
Jul-00,Miami,,,,
Aug-00,Miami,,,,
Sep-00,Miami,,,,
Oct-00,Miami,,,,
Nov-00,Miami,,,,
Dec-00,Miami,,,,
1-Jan,Miami,,,,
1-Feb,Miami,,,,
1-Mar,Miami,,,,
1-Apr,Miami,,,,
1-May,Miami,,,,
1-Jun,Miami,,,,
1-Jul,Miami,,,,
1-Aug,Miami,,,,
1-Sep,Miami,,,,
1-Oct,Miami,,,,
1-Nov,Miami,,,,
1-Dec,Miami,,,,
2-Jan,Miami,,,,
2-Feb,Miami,,,,
2-Mar,Miami,,,,
2-Apr,Miami,,,,
2-May,Miami,,,,
2-Jun,Miami,,,,
2-Jul,Miami,,,,
2-Aug,Miami,,,,
2-Sep,Miami,,,,
2-Oct,Miami,,,,
2-Nov,Miami,,,,
2-Dec,Miami,,,,
3-Jan,Miami,,,,
3-Feb,Miami,,,,
3-Mar,Miami,,,,
3-Apr,Miami,,,,
3-May,Miami,,,,
3-Jun,Miami,1.571,,,
3-Jul,Miami,1.601,,,
3-Aug,Miami,1.678,,,
3-Sep,Miami,1.747,,,
3-Oct,Miami,1.658,,,
3-Nov,Miami,1.604,,,
3-Dec,Miami,1.574,,,
4-Jan,Miami,1.688,,,
4-Feb,Miami,1.76,,,
4-Mar,Miami,1.84,,,
4-Apr,Miami,1.902,,,
4-May,Miami,2.059,,,
4-Jun,Miami,2.105,,,
4-Jul,Miami,2.036,,,
4-Aug,Miami,1.932,,,
4-Sep,Miami,1.99,,,
4-Oct,Miami,2.094,,,
4-Nov,Miami,2.119,,,
4-Dec,Miami,2.055,,,
5-Jan,Miami,1.987,,,
5-Feb,Miami,2.036,,,
5-Mar,Miami,2.198,,,
5-Apr,Miami,2.389,,,
5-May,Miami,2.344,,,
5-Jun,Miami,2.306,,,
5-Jul,Miami,2.398,,,
5-Aug,Miami,2.613,,,
5-Sep,Miami,2.992,,,
5-Oct,Miami,2.962,,,
5-Nov,Miami,2.618,,,
5-Dec,Miami,2.443,,,
6-Jan,Miami,2.49,,,
6-Feb,Miami,2.477,,,
6-Mar,Miami,2.591,,,
6-Apr,Miami,2.905,,,
6-May,Miami,3.014,,,
6-Jun,Miami,2.96,,,
6-Jul,Miami,3.049,,,
6-Aug,Miami,3.097,,,
6-Sep,Miami,2.836,,,
6-Oct,Miami,2.46,,,
6-Nov,Miami,2.366,,,
6-Dec,Miami,2.444,,,
7-Jan,Miami,2.376,,,
7-Feb,Miami,2.367,,,
7-Mar,Miami,2.666,,,
7-Apr,Miami,2.953,,,
7-May,Miami,3.182,,,
7-Jun,Miami,3.178,,,
7-Jul,Miami,3.091,,,
7-Aug,Miami,2.935,,,
7-Sep,Miami,2.932,,,
7-Oct,Miami,2.971,,,
7-Nov,Miami,3.236,,,
7-Dec,Miami,3.235,,,
8-Jan,Miami,3.245,,,
8-Feb,Miami,3.228,,,
8-Mar,Miami,3.423,,,
8-Apr,Miami,3.627,,,
8-May,Miami,3.943,,,
8-Jun,Miami,4.204,,,
8-Jul,Miami,4.208,,,
8-Aug,Miami,3.96,,,
8-Sep,Miami,3.913,,,
8-Oct,Miami,3.323,,,
8-Nov,Miami,2.444,,,
8-Dec,Miami,1.93,,,
9-Jan,Miami,1.972,,,
9-Feb,Miami,2.137,,,
9-Mar,Miami,2.161,,,
9-Apr,Miami,2.233,,,
9-May,Miami,2.41,,,
9-Jun,Miami,2.775,,,
9-Jul,Miami,2.713,,,
9-Aug,Miami,2.758,,,
9-Sep,Miami,2.658,,,
9-Oct,Miami,2.685,,,
9-Nov,Miami,2.838,,,
9-Dec,Miami,2.797,,,
10-Jan,Miami,2.886,,,
10-Feb,Miami,2.86,,,
10-Mar,Miami,2.959,,,
10-Apr,Miami,2.996,,,
10-May,Miami,2.975,,,
10-Jun,Miami,2.87,,,
10-Jul,Miami,2.837,,,
10-Aug,Miami,2.84,,,
10-Sep,Miami,2.839,,,
10-Oct,Miami,2.931,,,
10-Nov,Miami,2.99,,,
10-Dec,Miami,3.162,,,
11-Jan,Miami,3.267,,,
11-Feb,Miami,3.352,,,
11-Mar,Miami,3.729,,,
11-Apr,Miami,3.935,,,
11-May,Miami,4.026,,,
11-Jun,Miami,3.872,,,
11-Jul,Miami,3.851,,,
11-Aug,Miami,3.856,,,
11-Sep,Miami,3.779,,,
11-Oct,Miami,3.626,,,
11-Nov,Miami,3.579,,,
11-Dec,Miami,3.489,,,
12-Jan,Miami,3.616,,,
12-Feb,Miami,3.829,,,
12-Mar,Miami,4.007,,,
12-Apr,Miami,4.079,,,
12-May,Miami,3.813,,,
12-Jun,Miami,3.618,,,
12-Jul,Miami,3.59,,,
12-Aug,Miami,3.901,,,
12-Sep,Miami,4.047,,,
12-Oct,Miami,3.899,,,
12-Nov,Miami,3.653,,,
12-Dec,Miami,3.587,,,
13-Jan,Miami,3.655,,,
13-Feb,Miami,3.951,,,
13-Mar,Miami,3.996,,,
13-Apr,Miami,3.785,,,
13-May,Miami,3.709,,,
13-Jun,Miami,3.751,,,
13-Jul,Miami,3.785,,,
13-Aug,Miami,3.789,,,
13-Sep,Miami,3.74,,,
13-Oct,Miami,3.574,,,
13-Nov,Miami,3.537,,,
13-Dec,Miami,3.656,,,
14-Jan,Miami,3.637,,,
14-Feb,Miami,3.635,,,
14-Mar,Miami,3.762,,,
14-Apr,Miami,3.954,,,
14-May,Miami,3.882,,,
14-Jun,Miami,3.832,,,
14-Jul,Miami,3.762,,,
14-Aug,Miami,3.653,,,
14-Sep,Miami,3.593,,,
14-Oct,Miami,3.399,,,
14-Nov,Miami,3.177,,,
14-Dec,Miami,2.873,,,
15-Jan,Miami,2.482,,,
15-Feb,Miami,2.534,,,
15-Mar,Miami,2.729,,,
15-Apr,Miami,2.791,,,
15-May,Miami,2.908,,,
15-Jun,Miami,2.986,,,
15-Jul,Miami,2.978,,,
15-Aug,Miami,2.797,,,
15-Sep,Miami,2.612,,,
15-Oct,Miami,2.552,,,
15-Nov,Miami,2.515,,,
15-Dec,Miami,2.469,,,
16-Jan,Miami,2.329,,,
16-Feb,Miami,2.159,,,
16-Mar,Miami,2.304,,,
16-Apr,Miami,2.412,,,
16-May,Miami,2.552,,,
16-Jun,Miami,2.631,,,
16-Jul,Miami,2.574,,,
16-Aug,Miami,2.486,,,
16-Sep,Miami,2.514,,,
16-Oct,Miami,2.578,,,
16-Nov,Miami,2.518,,,
16-Dec,Miami,2.605,,,
17-Jan,Miami,2.714,,,
17-Feb,Miami,2.696,,,
17-Mar,Miami,2.69,,,
17-Apr,Miami,2.745,,,
17-May,Miami,2.707,,,
17-Jun,Miami,2.64,,,
17-Jul,Miami,2.549,,,
17-Aug,Miami,2.614,,,
17-Sep,Miami,4.451,,,
17-Oct,Miami,2.894,,,
17-Nov,Miami,2.859,,,
17-Dec,Miami,2.803,,,
18-Jan,Miami,2.874,,,
18-Feb,Miami,2.937,,,
18-Mar,Miami,2.913,,,
18-Apr,Miami,3.026,,,
18-May,Miami,2.968,,,
18-Jun,Miami,2.897,,,
18-Jul,Miami,2.866,,,
18-Aug,Miami,2.86,,,
18-Sep,Miami,2.861,,,
18-Oct,Miami,2.881,,,
18-Nov,Miami,2.688,,,
18-Dec,Miami,2.451,,,
19-Jan,Miami,2.327,,,
19-Feb,Miami,2.357,,,
19-Mar,Miami,2.644,,,
19-Apr,Miami,2.82,,,
19-May,Miami,2.766,,,
19-Jun,Miami,2.618,,,
19-Jul,Miami,2.674,,,
19-Aug,Miami,2.518,,,
19-Sep,Miami,2.525,,,
19-Oct,Miami,2.522,,,
19-Nov,Miami,2.493,,,
19-Dec,Miami,2.553,,,
20-Jan,Miami,2.585,,,
20-Feb,Miami,2.477,,,
20-Mar,Miami,2.284,,,
20-Apr,Miami,2.007,,,
20-May,Miami,1.941,,,
20-Jun,Miami,2.054,,,
20-Jul,Miami,2.172,,,
20-Aug,Miami,2.184,,,
20-Sep,Miami,2.225,,,
20-Oct,Miami,2.214,,,
20-Nov,Miami,2.12,,,
20-Dec,Miami,2.251,,,
21-Jan,Miami,2.387,,,
21-Feb,Miami,2.567,,,
21-Mar,Miami,2.876,,,
21-Apr,Miami,2.943,,,
Jun-00,New York City,1.707,,,
Jul-00,New York City,1.741,,,
Aug-00,New York City,1.685,,,
Sep-00,New York City,1.675,,,
Oct-00,New York City,1.659,,,
Nov-00,New York City,1.651,,,
Dec-00,New York City,1.618,,,
1-Jan,New York City,1.57,,,
1-Feb,New York City,1.555,,,
1-Mar,New York City,1.527,,,
1-Apr,New York City,1.61,,,
1-May,New York City,1.808,,,
1-Jun,New York City,1.818,,,
1-Jul,New York City,1.703,,,
1-Aug,New York City,1.596,,,
1-Sep,New York City,1.554,,,
1-Oct,New York City,1.453,,,
1-Nov,New York City,1.314,,,
1-Dec,New York City,1.206,,,
2-Jan,New York City,1.209,,,
2-Feb,New York City,1.208,,,
2-Mar,New York City,1.292,,,
2-Apr,New York City,1.47,,,
2-May,New York City,1.502,,,
2-Jun,New York City,1.488,,,
2-Jul,New York City,1.486,,,
2-Aug,New York City,1.523,,,
2-Sep,New York City,1.531,,,
2-Oct,New York City,1.544,,,
2-Nov,New York City,1.563,,,
2-Dec,New York City,1.568,,,
3-Jan,New York City,1.598,,,
3-Feb,New York City,1.697,,,
3-Mar,New York City,1.753,,,
3-Apr,New York City,1.708,,,
3-May,New York City,1.635,,,
3-Jun,New York City,1.564,,,
3-Jul,New York City,1.571,,,
3-Aug,New York City,1.667,,,
3-Sep,New York City,1.849,,,
3-Oct,New York City,1.768,,,
3-Nov,New York City,1.699,,,
3-Dec,New York City,1.643,,,
4-Jan,New York City,1.672,,,
4-Feb,New York City,1.732,,,
4-Mar,New York City,1.791,,,
4-Apr,New York City,1.824,,,
4-May,New York City,2.052,,,
4-Jun,New York City,2.157,,,
4-Jul,New York City,2.087,,,
4-Aug,New York City,2.029,,,
4-Sep,New York City,1.971,,,
4-Oct,New York City,2.065,,,
4-Nov,New York City,2.073,,,
4-Dec,New York City,1.995,,,
5-Jan,New York City,1.934,,,
5-Feb,New York City,1.953,,,
5-Mar,New York City,2.049,,,
5-Apr,New York City,2.23,,,
5-May,New York City,2.255,,,
5-Jun,New York City,2.247,,,
5-Jul,New York City,2.422,,,
5-Aug,New York City,2.578,,,
5-Sep,New York City,3.156,,,
5-Oct,New York City,2.804,,,
5-Nov,New York City,2.367,,,
5-Dec,New York City,2.276,,,
6-Jan,New York City,2.461,,,
6-Feb,New York City,2.389,,,
6-Mar,New York City,2.442,,,
6-Apr,New York City,2.81,,,
6-May,New York City,3.083,,,
6-Jun,New York City,3.091,,,
6-Jul,New York City,3.175,,,
6-Aug,New York City,3.112,,,
6-Sep,New York City,2.729,,,
6-Oct,New York City,2.315,,,
6-Nov,New York City,2.271,,,
6-Dec,New York City,2.405,,,
7-Jan,New York City,2.381,,,
7-Feb,New York City,2.325,,,
7-Mar,New York City,2.647,,,
7-Apr,New York City,2.899,,,
7-May,New York City,3.137,,,
7-Jun,New York City,3.141,,,
7-Jul,New York City,3.059,,,
7-Aug,New York City,2.879,,,
7-Sep,New York City,2.786,,,
7-Oct,New York City,2.808,,,
7-Nov,New York City,3.105,,,
7-Dec,New York City,3.149,,,
8-Jan,New York City,3.167,,,
8-Feb,New York City,3.114,,,
8-Mar,New York City,3.253,,,
8-Apr,New York City,3.466,,,
8-May,New York City,3.874,,,
8-Jun,New York City,4.187,,,
8-Jul,New York City,4.203,,,
8-Aug,New York City,3.916,,,
8-Sep,New York City,3.697,,,
8-Oct,New York City,3.168,,,
8-Nov,New York City,2.397,,,
8-Dec,New York City,1.879,,,
9-Jan,New York City,1.816,,,
9-Feb,New York City,1.981,,,
9-Mar,New York City,2.001,,,
9-Apr,New York City,2.09,,,
9-May,New York City,2.324,,,
9-Jun,New York City,2.692,,,
9-Jul,New York City,2.676,,,
9-Aug,New York City,2.737,,,
9-Sep,New York City,2.703,,,
9-Oct,New York City,2.628,,,
9-Nov,New York City,2.755,,,
9-Dec,New York City,2.727,,,
10-Jan,New York City,2.807,,,
10-Feb,New York City,2.779,,,
10-Mar,New York City,2.816,,,
10-Apr,New York City,2.886,,,
10-May,New York City,2.971,,,
10-Jun,New York City,2.855,,,
10-Jul,New York City,2.838,,,
10-Aug,New York City,2.799,,,
10-Sep,New York City,2.735,,,
10-Oct,New York City,2.881,,,
10-Nov,New York City,3.019,,,
10-Dec,New York City,3.175,,,
11-Jan,New York City,3.254,,,
11-Feb,New York City,3.338,,,
11-Mar,New York City,3.647,,,
11-Apr,New York City,3.879,,,
11-May,New York City,4.089,,,
11-Jun,New York City,3.896,,,
11-Jul,New York City,3.861,,,
11-Aug,New York City,3.853,,,
11-Sep,New York City,3.783,,,
11-Oct,New York City,3.612,,,
11-Nov,New York City,3.548,,,
11-Dec,New York City,3.438,,,
12-Jan,New York City,3.563,,,
12-Feb,New York City,3.759,,,
12-Mar,New York City,3.901,,,
12-Apr,New York City,4.014,,,
12-May,New York City,3.875,,,
12-Jun,New York City,3.653,,,
12-Jul,New York City,3.648,,,
12-Aug,New York City,3.873,,,
12-Sep,New York City,4.014,,,
12-Oct,New York City,3.963,,,
12-Nov,New York City,3.811,,,
12-Dec,New York City,3.673,,,
13-Jan,New York City,3.642,,,
13-Feb,New York City,3.855,,,
13-Mar,New York City,3.839,,,
13-Apr,New York City,3.695,,,
13-May,New York City,3.675,,,
13-Jun,New York City,3.695,,,
13-Jul,New York City,3.782,,,
13-Aug,New York City,3.813,,,
13-Sep,New York City,3.739,,,
13-Oct,New York City,3.527,,,
13-Nov,New York City,3.479,,,
13-Dec,New York City,3.6,,,
14-Jan,New York City,3.585,,,
14-Feb,New York City,3.577,,,
14-Mar,New York City,3.681,,,
14-Apr,New York City,3.75,,,
14-May,New York City,3.821,,,
14-Jun,New York City,3.844,,,
14-Jul,New York City,3.815,,,
14-Aug,New York City,3.648,,,
14-Sep,New York City,3.527,,,
14-Oct,New York City,3.353,,,
14-Nov,New York City,3.142,,,
14-Dec,New York City,2.862,,,
15-Jan,New York City,2.398,,,
15-Feb,New York City,2.344,,,
15-Mar,New York City,2.517,,,
15-Apr,New York City,2.558,,,
15-May,New York City,2.79,,,
15-Jun,New York City,2.864,,,
15-Jul,New York City,2.876,,,
15-Aug,New York City,2.677,,,
15-Sep,New York City,2.415,,,
15-Oct,New York City,2.295,,,
15-Nov,New York City,2.275,,,
15-Dec,New York City,2.209,,,
16-Jan,New York City,2.088,,,
16-Feb,New York City,1.92,,,
16-Mar,New York City,1.981,,,
16-Apr,New York City,2.19,,,
16-May,New York City,2.359,,,
16-Jun,New York City,2.414,,,
16-Jul,New York City,2.361,,,
16-Aug,New York City,2.282,,,
16-Sep,New York City,2.302,,,
16-Oct,New York City,2.333,,,
16-Nov,New York City,2.438,,,
16-Dec,New York City,2.505,,,
17-Jan,New York City,2.597,,,
17-Feb,New York City,2.53,,,
17-Mar,New York City,2.484,,,
17-Apr,New York City,2.556,,,
17-May,New York City,2.562,,,
17-Jun,New York City,2.538,,,
17-Jul,New York City,2.501,,,
17-Aug,New York City,2.564,,,
17-Sep,New York City,2.886,,,
17-Oct,New York City,2.688,,,
17-Nov,New York City,2.721,,,
17-Dec,New York City,2.674,,,
18-Jan,New York City,2.742,,,
18-Feb,New York City,2.799,,,
18-Mar,New York City,2.732,,,
18-Apr,New York City,2.901,,,
18-May,New York City,3.057,,,
18-Jun,New York City,3.02,,,
18-Jul,New York City,2.975,,,
18-Aug,New York City,2.963,,,
18-Sep,New York City,2.953,,,
18-Oct,New York City,2.952,,,
18-Nov,New York City,2.785,,,
18-Dec,New York City,2.578,,,
19-Jan,New York City,2.473,,,
19-Feb,New York City,2.451,,,
19-Mar,New York City,2.623,,,
19-Apr,New York City,2.86,,,
19-May,New York City,2.981,,,
19-Jun,New York City,2.847,,,
19-Jul,New York City,2.86,,,
19-Aug,New York City,2.786,,,
19-Sep,New York City,2.673,,,
19-Oct,New York City,2.625,,,
19-Nov,New York City,2.641,,,
19-Dec,New York City,2.63,,,
20-Jan,New York City,2.669,,,
20-Feb,New York City,2.559,,,
20-Mar,New York City,2.404,,,
20-Apr,New York City,2.148,,,
20-May,New York City,2.104,,,
20-Jun,New York City,2.185,,,
20-Jul,New York City,2.233,,,
20-Aug,New York City,2.222,,,
20-Sep,New York City,2.228,,,
20-Oct,New York City,2.222,,,
20-Nov,New York City,2.191,,,
20-Dec,New York City,2.291,,,
21-Jan,New York City,2.466,,,
21-Feb,New York City,2.648,,,
21-Mar,New York City,2.893,,,
21-Apr,New York City,2.895,,,
Jun-00,San Francisco,1.816,,,
Jul-00,San Francisco,1.901,,,
Aug-00,San Francisco,1.9,,,
Sep-00,San Francisco,1.999,,,
Oct-00,San Francisco,1.996,,,
Nov-00,San Francisco,1.967,,,
Dec-00,San Francisco,1.893,,,
1-Jan,San Francisco,1.799,,,
1-Feb,San Francisco,1.796,,,
1-Mar,San Francisco,1.851,,,
1-Apr,San Francisco,1.977,,,
1-May,San Francisco,2.064,,,
1-Jun,San Francisco,2.061,,,
1-Jul,San Francisco,1.929,,,
1-Aug,San Francisco,1.74,,,
1-Sep,San Francisco,1.874,,,
1-Oct,San Francisco,1.783,,,
1-Nov,San Francisco,1.637,,,
1-Dec,San Francisco,1.408,,,
2-Jan,San Francisco,1.326,,,
2-Feb,San Francisco,1.313,,,
2-Mar,San Francisco,1.512,,,
2-Apr,San Francisco,1.707,,,
2-May,San Francisco,1.674,,,
2-Jun,San Francisco,1.699,,,
2-Jul,San Francisco,1.722,,,
2-Aug,San Francisco,1.713,,,
2-Sep,San Francisco,1.684,,,
2-Oct,San Francisco,1.642,,,
2-Nov,San Francisco,1.716,,,
2-Dec,San Francisco,1.692,,,
3-Jan,San Francisco,1.781,,,
3-Feb,San Francisco,1.952,,,
3-Mar,San Francisco,2.2,,,
3-Apr,San Francisco,2.131,,,
3-May,San Francisco,1.955,,,
3-Jun,San Francisco,1.898,,,
3-Jul,San Francisco,1.9,,,
3-Aug,San Francisco,1.99,,,
3-Sep,San Francisco,2.126,,,
3-Oct,San Francisco,1.902,,,
3-Nov,San Francisco,1.776,,,
3-Dec,San Francisco,1.695,,,
4-Jan,San Francisco,1.749,,,
4-Feb,San Francisco,1.932,,,
4-Mar,San Francisco,2.182,,,
4-Apr,San Francisco,2.195,,,
4-May,San Francisco,2.318,,,
4-Jun,San Francisco,2.353,,,
4-Jul,San Francisco,2.255,,,
4-Aug,San Francisco,2.157,,,
4-Sep,San Francisco,2.145,,,
4-Oct,San Francisco,2.411,,,
4-Nov,San Francisco,2.401,,,
4-Dec,San Francisco,2.174,,,
5-Jan,San Francisco,1.981,,,
5-Feb,San Francisco,2.107,,,
5-Mar,San Francisco,2.33,,,
5-Apr,San Francisco,2.656,,,
5-May,San Francisco,2.595,,,
5-Jun,San Francisco,2.438,,,
5-Jul,San Francisco,2.614,,,
5-Aug,San Francisco,2.763,,,
5-Sep,San Francisco,3.061,,,
5-Oct,San Francisco,2.962,,,
5-Nov,San Francisco,2.544,,,
5-Dec,San Francisco,2.253,,,
6-Jan,San Francisco,2.398,,,
6-Feb,San Francisco,2.519,,,
6-Mar,San Francisco,2.603,,,
6-Apr,San Francisco,2.94,,,
6-May,San Francisco,3.349,,,
6-Jun,San Francisco,3.241,,,
6-Jul,San Francisco,3.227,,,
6-Aug,San Francisco,3.168,,,
6-Sep,San Francisco,2.909,,,
6-Oct,San Francisco,2.577,,,
6-Nov,San Francisco,2.511,,,
6-Dec,San Francisco,2.607,,,
7-Jan,San Francisco,2.703,,,
7-Feb,San Francisco,2.832,,,
7-Mar,San Francisco,3.209,,,
7-Apr,San Francisco,3.429,,,
7-May,San Francisco,3.572,,,
7-Jun,San Francisco,3.447,,,
7-Jul,San Francisco,3.292,,,
7-Aug,San Francisco,3.071,,,
7-Sep,San Francisco,2.999,,,
7-Oct,San Francisco,3.174,,,
7-Nov,San Francisco,3.5,,,
7-Dec,San Francisco,3.463,,,
8-Jan,San Francisco,3.403,,,
8-Feb,San Francisco,3.34,,,
8-Mar,San Francisco,3.672,,,
8-Apr,San Francisco,3.88,,,
8-May,San Francisco,4.041,,,
8-Jun,San Francisco,4.517,,,
8-Jul,San Francisco,4.525,,,
8-Aug,San Francisco,4.201,,,
8-Sep,San Francisco,3.935,,,
8-Oct,San Francisco,3.574,,,
8-Nov,San Francisco,2.54,,,
8-Dec,San Francisco,1.897,,,
9-Jan,San Francisco,2.06,,,
9-Feb,San Francisco,2.252,,,
9-Mar,San Francisco,2.224,,,
9-Apr,San Francisco,2.364,,,
9-May,San Francisco,2.53,,,
9-Jun,San Francisco,2.985,,,
9-Jul,San Francisco,2.953,,,
9-Aug,San Francisco,3.09,,,
9-Sep,San Francisco,3.208,,,
9-Oct,San Francisco,3.121,,,
9-Nov,San Francisco,3.034,,,
9-Dec,San Francisco,2.969,,,
10-Jan,San Francisco,3.078,,,
10-Feb,San Francisco,2.999,,,
10-Mar,San Francisco,3.118,,,
10-Apr,San Francisco,3.15,,,
10-May,San Francisco,3.155,,,
10-Jun,San Francisco,3.183,,,
10-Jul,San Francisco,3.212,,,
10-Aug,San Francisco,3.221,,,
10-Sep,San Francisco,3.103,,,
10-Oct,San Francisco,3.174,,,
10-Nov,San Francisco,3.234,,,
10-Dec,San Francisco,3.337,,,
11-Jan,San Francisco,3.412,,,
11-Feb,San Francisco,3.601,,,
11-Mar,San Francisco,4.023,,,
11-Apr,San Francisco,4.229,,,
11-May,San Francisco,4.253,,,
11-Jun,San Francisco,3.985,,,
11-Jul,San Francisco,3.869,,,
11-Aug,San Francisco,3.859,,,
11-Sep,San Francisco,3.986,,,
11-Oct,San Francisco,3.902,,,
11-Nov,San Francisco,3.834,,,
11-Dec,San Francisco,3.633,,,
12-Jan,San Francisco,3.729,,,
12-Feb,San Francisco,4.026,,,
12-Mar,San Francisco,4.392,,,
12-Apr,San Francisco,4.278,,,
12-May,San Francisco,4.366,,,
12-Jun,San Francisco,4.147,,,
12-Jul,San Francisco,3.82,,,
12-Aug,San Francisco,4.133,,,
12-Sep,San Francisco,4.238,,,
12-Oct,San Francisco,4.478,,,
12-Nov,San Francisco,3.925,,,
12-Dec,San Francisco,3.643,,,
13-Jan,San Francisco,3.67,,,
13-Feb,San Francisco,4.078,,,
13-Mar,San Francisco,4.183,,,
13-Apr,San Francisco,4.057,,,
13-May,San Francisco,4.079,,,
13-Jun,San Francisco,4.068,,,
13-Jul,San Francisco,4.046,,,
13-Aug,San Francisco,3.937,,,
13-Sep,San Francisco,4.007,,,
13-Oct,San Francisco,3.915,,,
13-Nov,San Francisco,3.691,,,
13-Dec,San Francisco,3.652,,,
14-Jan,San Francisco,3.693,,,
14-Feb,San Francisco,3.732,,,
14-Mar,San Francisco,3.993,,,
14-Apr,San Francisco,4.204,,,
14-May,San Francisco,4.257,,,
14-Jun,San Francisco,4.202,,,
14-Jul,San Francisco,4.136,,,
14-Aug,San Francisco,4.009,,,
14-Sep,San Francisco,3.882,,,
14-Oct,San Francisco,3.636,,,
14-Nov,San Francisco,3.302,,,
14-Dec,San Francisco,2.984,,,
15-Jan,San Francisco,2.678,,,
15-Feb,San Francisco,2.777,,,
15-Mar,San Francisco,3.395,,,
15-Apr,San Francisco,3.293,,,
15-May,San Francisco,3.76,,,
15-Jun,San Francisco,3.587,,,
15-Jul,San Francisco,3.587,,,
15-Aug,San Francisco,3.442,,,
15-Sep,San Francisco,3.115,,,
15-Oct,San Francisco,2.951,,,
15-Nov,San Francisco,2.847,,,
15-Dec,San Francisco,2.753,,,
16-Jan,San Francisco,2.737,,,
16-Feb,San Francisco,2.502,,,
16-Mar,San Francisco,2.68,,,
16-Apr,San Francisco,2.865,,,
16-May,San Francisco,2.927,,,
16-Jun,San Francisco,2.979,,,
16-Jul,San Francisco,2.973,,,
16-Aug,San Francisco,2.804,,,
16-Sep,San Francisco,2.861,,,
16-Oct,San Francisco,2.876,,,
16-Nov,San Francisco,2.787,,,
16-Dec,San Francisco,2.784,,,
17-Jan,San Francisco,2.897,,,
17-Feb,San Francisco,2.967,,,
17-Mar,San Francisco,3.097,,,
17-Apr,San Francisco,3.116,,,
17-May,San Francisco,3.179,,,
17-Jun,San Francisco,3.193,,,
17-Jul,San Francisco,3.09,,,
17-Aug,San Francisco,3.124,,,
17-Sep,San Francisco,3.277,,,
17-Oct,San Francisco,3.214,,,
17-Nov,San Francisco,3.328,,,
17-Dec,San Francisco,3.269,,,
18-Jan,San Francisco,3.277,,,
18-Feb,San Francisco,3.424,,,
18-Mar,San Francisco,3.527,,,
18-Apr,San Francisco,3.696,,,
18-May,San Francisco,3.77,,,
18-Jun,San Francisco,3.765,,,
18-Jul,San Francisco,3.717,,,
18-Aug,San Francisco,3.636,,,
18-Sep,San Francisco,3.662,,,
18-Oct,San Francisco,3.826,,,
18-Nov,San Francisco,3.719,,,
18-Dec,San Francisco,3.515,,,
19-Jan,San Francisco,3.392,,,
19-Feb,San Francisco,3.349,,,
19-Mar,San Francisco,3.442,,,
19-Apr,San Francisco,3.949,,,
19-May,San Francisco,4.117,,,
19-Jun,San Francisco,3.893,,,
19-Jul,San Francisco,3.763,,,
19-Aug,San Francisco,3.642,,,
19-Sep,San Francisco,3.741,,,
19-Oct,San Francisco,4.173,,,
19-Nov,San Francisco,3.998,,,
19-Dec,San Francisco,3.668,,,
20-Jan,San Francisco,3.56,,,
20-Feb,San Francisco,3.53,,,
20-Mar,San Francisco,3.314,,,
20-Apr,San Francisco,2.936,,,
20-May,San Francisco,2.902,,,
20-Jun,San Francisco,3.075,,,
20-Jul,San Francisco,3.22,,,
20-Aug,San Francisco,3.318,,,
20-Sep,San Francisco,3.335,,,
20-Oct,San Francisco,3.304,,,
20-Nov,San Francisco,3.295,,,
20-Dec,San Francisco,3.331,,,
21-Jan,San Francisco,3.413,,,
21-Feb,San Francisco,3.506,,,
21-Mar,San Francisco,3.867,,,
21-Apr,San Francisco,4.022,,,
Jun-00,Seattle,,,,
Jul-00,Seattle,,,,
Aug-00,Seattle,,,,
Sep-00,Seattle,,,,
Oct-00,Seattle,,,,
Nov-00,Seattle,,,,
Dec-00,Seattle,,,,
1-Jan,Seattle,,,,
1-Feb,Seattle,,,,
1-Mar,Seattle,,,,
1-Apr,Seattle,,,,
1-May,Seattle,,,,
1-Jun,Seattle,,,,
1-Jul,Seattle,,,,
1-Aug,Seattle,,,,
1-Sep,Seattle,,,,
1-Oct,Seattle,,,,
1-Nov,Seattle,,,,
1-Dec,Seattle,,,,
2-Jan,Seattle,,,,
2-Feb,Seattle,,,,
2-Mar,Seattle,,,,
2-Apr,Seattle,,,,
2-May,Seattle,,,,
2-Jun,Seattle,,,,
2-Jul,Seattle,,,,
2-Aug,Seattle,,,,
2-Sep,Seattle,,,,
2-Oct,Seattle,,,,
2-Nov,Seattle,,,,
2-Dec,Seattle,,,,
3-Jan,Seattle,,,,
3-Feb,Seattle,,,,
3-Mar,Seattle,,,,
3-Apr,Seattle,,,,
3-May,Seattle,,,,
3-Jun,Seattle,1.591,,,
3-Jul,Seattle,1.622,,,
3-Aug,Seattle,1.78,,,
3-Sep,Seattle,1.887,,,
3-Oct,Seattle,1.657,,,
3-Nov,Seattle,1.59,,,
3-Dec,Seattle,1.537,,,
4-Jan,Seattle,1.637,,,
4-Feb,Seattle,1.728,,,
4-Mar,Seattle,1.845,,,
4-Apr,Seattle,1.96,,,
4-May,Seattle,2.253,,,
4-Jun,Seattle,2.232,,,
4-Jul,Seattle,2.032,,,
4-Aug,Seattle,1.983,,,
4-Sep,Seattle,2.028,,,
4-Oct,Seattle,2.092,,,
4-Nov,Seattle,2.074,,,
4-Dec,Seattle,1.947,,,
5-Jan,Seattle,1.853,,,
5-Feb,Seattle,1.971,,,
5-Mar,Seattle,2.185,,,
5-Apr,Seattle,2.465,,,
5-May,Seattle,2.459,,,
5-Jun,Seattle,2.319,,,
5-Jul,Seattle,2.453,,,
5-Aug,Seattle,2.645,,,
5-Sep,Seattle,2.908,,,
5-Oct,Seattle,2.807,,,
5-Nov,Seattle,2.495,,,
5-Dec,Seattle,2.236,,,
6-Jan,Seattle,2.252,,,
6-Feb,Seattle,2.296,,,
6-Mar,Seattle,2.454,,,
6-Apr,Seattle,2.771,,,
6-May,Seattle,3.154,,,
6-Jun,Seattle,3.129,,,
6-Jul,Seattle,3.052,,,
6-Aug,Seattle,3.035,,,
6-Sep,Seattle,2.819,,,
6-Oct,Seattle,2.535,,,
6-Nov,Seattle,2.501,,,
6-Dec,Seattle,2.642,,,
7-Jan,Seattle,2.653,,,
7-Feb,Seattle,2.493,,,
7-Mar,Seattle,2.779,,,
7-Apr,Seattle,3.135,,,
7-May,Seattle,3.436,,,
7-Jun,Seattle,3.19,,,
7-Jul,Seattle,2.985,,,
7-Aug,Seattle,2.827,,,
7-Sep,Seattle,2.894,,,
7-Oct,Seattle,3.01,,,
7-Nov,Seattle,3.242,,,
7-Dec,Seattle,3.171,,,
8-Jan,Seattle,3.153,,,
8-Feb,Seattle,3.149,,,
8-Mar,Seattle,3.506,,,
8-Apr,Seattle,3.607,,,
8-May,Seattle,3.88,,,
8-Jun,Seattle,4.326,,,
8-Jul,Seattle,4.331,,,
8-Aug,Seattle,4.028,,,
8-Sep,Seattle,3.79,,,
8-Oct,Seattle,3.236,,,
8-Nov,Seattle,2.349,,,
8-Dec,Seattle,1.882,,,
9-Jan,Seattle,2.033,,,
9-Feb,Seattle,2.188,,,
9-Mar,Seattle,2.199,,,
9-Apr,Seattle,2.338,,,
9-May,Seattle,2.499,,,
9-Jun,Seattle,2.817,,,
9-Jul,Seattle,2.773,,,
9-Aug,Seattle,2.862,,,
9-Sep,Seattle,2.957,,,
9-Oct,Seattle,2.816,,,
9-Nov,Seattle,2.857,,,
9-Dec,Seattle,2.826,,,
10-Jan,Seattle,2.891,,,
10-Feb,Seattle,2.845,,,
10-Mar,Seattle,3,,,
10-Apr,Seattle,3.091,,,
10-May,Seattle,3.073,,,
10-Jun,Seattle,2.999,,,
10-Jul,Seattle,3.035,,,
10-Aug,Seattle,3.115,,,
10-Sep,Seattle,3.028,,,
10-Oct,Seattle,3.064,,,
10-Nov,Seattle,3.128,,,
10-Dec,Seattle,3.206,,,
11-Jan,Seattle,3.28,,,
11-Feb,Seattle,3.418,,,
11-Mar,Seattle,3.749,,,
11-Apr,Seattle,3.935,,,
11-May,Seattle,4.063,,,
11-Jun,Seattle,3.933,,,
11-Jul,Seattle,3.85,,,
11-Aug,Seattle,3.844,,,
11-Sep,Seattle,3.927,,,
11-Oct,Seattle,3.861,,,
11-Nov,Seattle,3.79,,,
11-Dec,Seattle,3.59,,,
12-Jan,Seattle,3.562,,,
12-Feb,Seattle,3.76,,,
12-Mar,Seattle,4.118,,,
12-Apr,Seattle,4.191,,,
12-May,Seattle,4.274,,,
12-Jun,Seattle,4.135,,,
12-Jul,Seattle,3.676,,,
12-Aug,Seattle,3.945,,,
12-Sep,Seattle,4.093,,,
12-Oct,Seattle,4.056,,,
12-Nov,Seattle,3.622,,,
12-Dec,Seattle,3.452,,,
13-Jan,Seattle,3.474,,,
13-Feb,Seattle,3.73,,,
13-Mar,Seattle,3.895,,,
13-Apr,Seattle,3.757,,,
13-May,Seattle,3.983,,,
13-Jun,Seattle,3.911,,,
13-Jul,Seattle,3.933,,,
13-Aug,Seattle,3.884,,,
13-Sep,Seattle,3.781,,,
13-Oct,Seattle,3.619,,,
13-Nov,Seattle,3.389,,,
13-Dec,Seattle,3.407,,,
14-Jan,Seattle,3.444,,,
14-Feb,Seattle,3.421,,,
14-Mar,Seattle,3.655,,,
14-Apr,Seattle,3.867,,,
14-May,Seattle,3.948,,,
14-Jun,Seattle,4.017,,,
14-Jul,Seattle,4.025,,,
14-Aug,Seattle,3.953,,,
14-Sep,Seattle,3.862,,,
14-Oct,Seattle,3.51,,,
14-Nov,Seattle,3.165,,,
14-Dec,Seattle,2.918,,,
15-Jan,Seattle,2.455,,,
15-Feb,Seattle,2.418,,,
15-Mar,Seattle,2.936,,,
15-Apr,Seattle,2.838,,,
15-May,Seattle,3.094,,,
15-Jun,Seattle,3.167,,,
15-Jul,Seattle,3.228,,,
15-Aug,Seattle,3.123,,,
15-Sep,Seattle,2.808,,,
15-Oct,Seattle,2.573,,,
15-Nov,Seattle,2.526,,,
15-Dec,Seattle,2.504,,,
16-Jan,Seattle,2.471,,,
16-Feb,Seattle,2.161,,,
16-Mar,Seattle,2.28,,,
16-Apr,Seattle,2.363,,,
16-May,Seattle,2.571,,,
16-Jun,Seattle,2.678,,,
16-Jul,Seattle,2.697,,,
16-Aug,Seattle,2.638,,,
16-Sep,Seattle,2.712,,,
16-Oct,Seattle,2.753,,,
16-Nov,Seattle,2.695,,,
16-Dec,Seattle,2.635,,,
17-Jan,Seattle,2.782,,,
17-Feb,Seattle,2.784,,,
17-Mar,Seattle,2.869,,,
17-Apr,Seattle,2.933,,,
17-May,Seattle,2.931,,,
17-Jun,Seattle,2.906,,,
17-Jul,Seattle,2.86,,,
17-Aug,Seattle,2.928,,,
17-Sep,Seattle,3.107,,,
17-Oct,Seattle,3.005,,,
17-Nov,Seattle,3.056,,,
17-Dec,Seattle,3.028,,,
18-Jan,Seattle,3.026,,,
18-Feb,Seattle,3.099,,,
18-Mar,Seattle,3.182,,,
18-Apr,Seattle,3.338,,,
18-May,Seattle,3.459,,,
18-Jun,Seattle,3.473,,,
18-Jul,Seattle,3.433,,,
18-Aug,Seattle,3.378,,,
18-Sep,Seattle,3.387,,,
18-Oct,Seattle,3.519,,,
18-Nov,Seattle,3.496,,,
18-Dec,Seattle,3.296,,,
19-Jan,Seattle,3.152,,,
19-Feb,Seattle,3.085,,,
19-Mar,Seattle,3.108,,,
19-Apr,Seattle,3.469,,,
19-May,Seattle,3.635,,,
19-Jun,Seattle,3.549,,,
19-Jul,Seattle,3.445,,,
19-Aug,Seattle,3.367,,,
19-Sep,Seattle,3.333,,,
19-Oct,Seattle,3.452,,,
19-Nov,Seattle,3.482,,,
19-Dec,Seattle,3.33,,,
20-Jan,Seattle,3.232,,,
20-Feb,Seattle,3.211,,,
20-Mar,Seattle,3.092,,,
20-Apr,Seattle,2.712,,,
20-May,Seattle,2.66,,,
20-Jun,Seattle,2.764,,,
20-Jul,Seattle,2.881,,,
20-Aug,Seattle,2.932,,,
20-Sep,Seattle,2.936,,,
20-Oct,Seattle,2.888,,,
20-Nov,Seattle,2.881,,,
20-Dec,Seattle,2.87,,,
21-Jan,Seattle,2.925,,,
21-Feb,Seattle,3.06,,,
21-Mar,Seattle,3.373,,,
21-Apr,Seattle,3.515,,,
